,current_x_m,distance_to_crossing_line_m,current_vx_mps,current_vy_mps,current_speed_mps,history_mean_vx_mps,history_mean_vy_mps,history_mean_speed_mps,history_speed_std_mps,history_vy_slope_mps2,history_x_displacement_m,history_y_displacement_m,window_low_speed_fraction,waiting_band_dwell_sec,waiting_low_speed_time_sec,history_observed_fraction,history_interpolated_fraction,history_max_unobserved_gap_sec,active_vehicle_count,approaching_vehicle_count,stopped_vehicle_count,veh1_lateral_x_m,veh2_lateral_x_m,veh3_lateral_x_m,veh1_front_y_m,veh2_front_y_m,veh3_front_y_m,veh1_speed_mps,veh2_speed_mps,veh3_speed_mps,veh1_closing_speed_mps,veh2_closing_speed_mps,veh3_closing_speed_mps,veh1_ttc_capped_sec,veh2_ttc_capped_sec,veh3_ttc_capped_sec,veh1_history_mean_front_y_m,veh2_history_mean_front_y_m,veh3_history_mean_front_y_m,veh1_history_front_y_change_m,veh2_history_front_y_change_m,veh3_history_front_y_change_m,veh1_history_observed_fraction,veh2_history_observed_fraction,veh3_history_observed_fraction,dbscan_history_mean_group_size,dbscan_history_mean_spread_m,dbscan_history_mean_vx_mps,dbscan_history_mean_vy_mps,dbscan_history_mean_speed_mps,dbscan_companion_wait_mean_sec,dbscan_companion_wait_min_sec,dbscan_companion_wait_max_sec,dbscan_companion_low_speed_fraction,dbscan_companion_low_speed_wait_mean_sec,dbscan_companion_low_speed_wait_min_sec,dbscan_companion_low_speed_wait_max_sec,dbscan_companion_male_ratio_2s_mean,dbscan_companion_female_ratio_2s_mean,dbscan_companion_unknown_gender_ratio_2s_mean,dbscan_companion_young_ratio_2s_mean,dbscan_companion_adult_ratio_2s_mean,dbscan_companion_old_ratio_2s_mean,dbscan_companion_unknown_age_ratio_2s_mean
current_x_m,1.0,-0.006719145529851964,-0.013836573331686332,0.00020195291991420837,0.08819326500976596,-0.03296986013060639,-0.0213890086841621,0.09003412414528632,0.03487126674670495,0.006590670534151944,-0.03212580788453221,-0.022460262342270002,-0.11091998208306908,-0.04435799404154641,-0.07752805899012405,0.06625724539700104,-0.05371206736118548,-0.06458120703082824,-0.016341970720595476,-0.07570329154428669,0.07908894162218705,-0.11490115894099501,-0.08255390781281995,-0.05526860442576827,-0.08306842819413413,-0.07909608857300772,-0.03658518089866168,-0.1302012475175888,-0.1223732473056677,-0.09305702636226487,-0.11854916078692883,-0.11089316112403272,-0.08720936349618136,0.10179653779601334,0.08554157880292221,0.0378217019309924,-0.1179805235638059,-0.11804915029950828,-0.0729328736239313,0.11216218358238664,0.10661371549768577,0.08036928935813818,0.04607392258592098,0.02598096670872885,0.03156039055915334,0.02064855996406664,0.033865769489159404,-0.03708775062505647,-0.029125166226827412,0.12616847529018985,0.05266826988111374,-0.006854841482762665,0.05745107903751845,0.012559373969058922,0.042514587432068575,-0.01026197603232779,0.0489507006315432,0.08953885779234709,0.010304120084530027,-0.08237816335453568,0.06124931990034585,0.028646322916544623,-0.007227105553973258,-0.017163020812120997
distance_to_crossing_line_m,-0.006719145529851964,1.0,-0.0022393532574219747,-0.007332575417132794,-0.04250973335108816,-0.0028535029472574595,-0.07290510539999244,-0.06877977488615358,-0.07206580963566277,0.019014136318280844,-0.0015983648883381508,-0.07187686735234856,0.07135329624869127,0.019344350047712802,0.034464787857185035,-0.045928058923160604,0.06090734733448694,0.04377137313104908,0.057173528505708525,0.05096978284482907,0.08321456001840383,-0.05275162769413561,0.01894020531066332,0.06700554155501064,-0.042576764690088385,-0.050159937618000916,-0.0043002107341492315,-0.08332490129592508,-0.06010832621915363,-0.0023767959780659344,-0.09517063476943123,-0.06627675202959118,-0.014560425811623883,0.09185094329315467,0.04285172097045888,-0.03285526273732326,-0.08077445135561058,-0.07414657530385539,-0.009612823565888343,0.10075299246208066,0.06369043945796095,0.01054549012310367,0.06679723792309565,0.08287990234565967,0.07604797316778288,0.0654434051675636,0.04951242562416862,-0.014786817778052293,-0.07120661193470583,-0.06879472034350446,0.061018335552804046,0.015411819818873048,0.0676759224675401,0.04142875828970578,0.06897081490831855,0.014032585539402388,0.07378403165698828,0.016246928761403465,-0.014632223494007475,0.1269109560120366,0.023456768389118265,-0.030049281630981552,-0.04763048845138606,0.11548469138787458
current_vx_mps,-0.013836573331686332,-0.0022393532574219747,1.0,-0.1476948077957132,0.013510880735678129,0.6526051055137493,-0.08735363527559527,-0.0024500218421491067,-0.006324522144606959,-0.03292435790940232,0.6574697380069267,-0.08819051128428423,0.005201197190492296,0.054839278570812486,0.03169612451820722,-0.011002298005557312,-0.00018709249833640546,0.01244236609571597,-0.006582092986810961,-0.03390053432811402,0.009790207058929927,-0.0041653349718902685,-0.028054818743358564,-0.02080838071604326,-0.007765646808787666,-0.01190424189768973,-0.008636957325597409,-0.01367926350741662,-0.017919957607923767,-0.022006340620602034,-0.007833093308302931,-0.010612100509015376,-0.01886059250180323,0.010422379868951866,0.014112435629964875,0.015922471606024897,-0.008920164180668986,-0.021332482977846054,-0.0151766267788138,0.0013477640162128733,0.00976478923177155,0.018505535166115465,0.004418088765771779,-0.0015253034144720502,0.001468294650403048,-0.024178673374285108,-0.025489369226627857,0.6030362688476064,-0.07888757451930618,-8.311882686214164e-05,-0.019076329174873403,-0.01283474975569892,-0.02061779904255872,-0.013251502983580804,-0.016075577849149692,-0.008817425355880643,-0.01660911344354172,-0.010708926811834186,-0.00969161929404256,-0.01406032218088822,0.009693270648466314,-0.03167190431751053,-0.002710248890395076,-0.010611243841508647
current_vy_mps,0.00020195291991420837,-0.007332575417132794,-0.1476948077957132,1.0,-0.027443323561620343,-0.020927474037678383,0.46776821924144485,0.007170150699129358,0.005903200536294476,0.3044800303102811,-0.022381721596899443,0.4697980120009166,-0.0025164289776284593,0.03150346304979073,0.009060937375137468,-0.0638675317478495,0.05359557647566897,0.06290730531439248,-0.0038494339716947275,-0.01187579257977752,-0.0033935752406883193,0.02041887539065673,0.025096006238255787,0.016878819882377043,0.0091305654211297,0.0018634877992256072,0.004216976678634818,0.004549181059406502,0.002015470290255366,0.0008297075812149537,-0.00473851964645422,-0.00374726737659804,-0.002837801382085478,0.006256433474116943,0.008685257480703862,0.010338363680153659,0.009930569514400047,0.00345368158815553,0.004761058422568382,0.004755732749814618,0.002539213339027765,-0.0009008896270566505,-0.0033506953494923776,-0.008758774313692026,-0.0146633311648846,-0.008525818158884441,-0.015239646947326841,-0.017852280119231335,0.43203472952191035,0.0015009637161086638,-0.021367700753505917,-0.020140162754462818,-0.021203882526442556,-0.023849088714661456,-0.018621803007355803,-0.018790213144924284,-0.01783362554686558,-0.022993818086991993,-0.012736788485818766,0.022186177858720714,-0.027307320964948426,-0.020730930575511473,0.003582733371639337,0.017693416824701932
current_speed_mps,0.08819326500976596,-0.04250973335108816,0.013510880735678129,-0.027443323561620343,1.0,-0.011858510045620954,-0.08242324671422586,0.6789835159136746,0.5573563406306793,-0.005303554026420991,-0.009878416770783325,-0.08387243987036629,-0.687652558030055,-0.5056923407540215,-0.6411638836335489,-0.20554207491590548,0.20132469567150793,0.20302516454013528,-0.0035006582291618026,-0.09477484577045088,0.04284354590982794,-0.04657917378422109,-0.10905774611368414,-0.09590415552941434,-0.044224329489185504,-0.014862222301186183,-0.02161461368678261,-0.049870372654672056,-0.092052061960937,-0.11943951479293963,-0.02552510182607224,-0.06598607628656354,-0.09814160250288555,9.21510419780443e-05,0.059219245379832655,0.0861782869455111,-0.04061942020856291,-0.037961025973850544,-0.0559419985636306,0.020301797999501606,0.06383396737974395,0.09372417860320409,0.018266697506995937,0.013842999606434108,0.03362428565512805,-0.014434688711712407,0.001968182417539847,-0.010700864512154152,-0.08135447153549392,0.6316706484736392,-0.15133230876948392,-0.10180436395966486,-0.1503971977946843,-0.15688290757615447,-0.20752438979633409,-0.16759093269700884,-0.20270333148935815,0.008794667629547236,0.050907542274586805,-0.0311222702280062,0.04895857216288432,0.01038620748799597,0.06913442767883234,-0.03596970400390706
history_mean_vx_mps,-0.03296986013060639,-0.0028535029472574595,0.6526051055137493,-0.020927474037678383,-0.011858510045620954,1.0,-0.10545084494771877,-0.05497701266943368,-0.04504350459384119,0.017648093638959944,0.9946257845938195,-0.10563747949791977,0.06166427444998481,0.09867405451491494,0.07976232337817107,-0.014690212910509851,-0.002775322562372712,0.01535204483463957,0.02318943155901654,0.0011695746044364781,0.013328557838013125,0.0025219906590599962,-0.007169676768190024,-0.002949615183126612,0.0018035667073784266,-0.004078966522102989,0.0003343412313582202,-0.0046162984024225966,-0.0074725770618651825,-0.011788336525576457,-0.0013053659528846006,-0.008072541791502902,-0.0089887379620982,0.006189609498009669,0.009843365204016966,0.007817724701408244,-0.0014497761239161365,-0.011350636709620023,-0.005628536459764172,-0.005810325192690533,0.002882389773311139,0.014641745818125022,0.008069033735937193,-0.0021519983634414636,0.004868600326355452,-0.03829577556802707,-0.04225716681398179,0.8672644205034454,-0.08238360546828633,-0.051179824814583656,-0.02990227069734676,-0.02396341452907055,-0.03187351449619375,-0.018289716818899824,-0.018290084698586225,-0.004372596771257578,-0.019502607573103105,-0.028371117901939594,-0.028210239311331452,-0.01858046099291108,-0.020754772213476474,-0.02471097511705291,-0.025209828537134688,-0.026840496839298608
history_mean_vy_mps,-0.0213890086841621,-0.07290510539999244,-0.08735363527559527,0.46776821924144485,-0.08242324671422586,-0.10545084494771877,1.0,0.009507467432767753,0.05177590967132119,-0.013735098880629973,-0.10753300463211865,0.99101562955449,0.03168837942025011,0.04092643055719008,0.044251959072012695,-0.11085702073475028,0.08631786865164275,0.10961197468085443,0.00689558400404811,0.023647303526350374,-0.01777341402020325,0.022517092729572967,0.030698783080232897,0.020032939812569282,0.02384927387809732,0.00903779231017896,0.010065493902698298,0.03693808211507774,0.030786519998922242,0.02766814089614457,0.032424277029062476,0.023894218730735828,0.025136984604930676,-0.032482047147129815,-0.029748580453514025,-0.02034144102606332,0.037208165661312,0.022967875194762788,0.024488561057993765,-0.029486091111741546,-0.031184829757008547,-0.03144119946284546,-0.006666930076851001,0.00016912954839434755,-0.006048259757206012,0.012155421718874961,0.0025480246773502205,-0.08216993459013222,0.8600814503930836,-0.006496916427844248,-0.005316383229600045,-0.009575508609930705,-0.0046227014236449706,-0.006186744961279771,0.0036534201328365613,-0.00680008315960145,0.004228485497948879,-0.014780210311028014,0.0005849512747028486,0.03983665101491859,-0.03541865526681922,-0.010468839788125246,0.01349268810505236,0.0369760402104974
history_mean_speed_mps,0.09003412414528632,-0.06877977488615358,-0.0024500218421491067,0.007170150699129358,0.6789835159136746,-0.05497701266943368,0.009507467432767753,1.0,0.876061129670796,0.08419408653636512,-0.05431276224073826,0.014157438655549305,-0.8851296294982135,-0.6553594910176316,-0.7938869727296226,-0.3532880586271663,0.3702944336997106,0.3467198107423038,-0.024930033173182223,-0.09125766915468889,0.013697352249983991,-0.061703232171049296,-0.13254743877084346,-0.11187088113122559,-0.05123826403918343,-0.019988676305219055,-0.016297404191282158,-0.026996329638761963,-0.06740464669673785,-0.09384117618027335,-0.005019199436607867,-0.0407375499359979,-0.06776863164607173,-0.03635037751954507,0.025302396298795552,0.060994641053468135,-0.030854346657405274,-0.024608902369072202,-0.03734125604108366,-0.004407822047909563,0.03088621662173768,0.06595177597198792,0.019245239165117296,0.01483177313969217,0.03344973547807241,-0.003929332997686851,0.015014569314202387,-0.035627895940620984,-0.025274043296555745,0.9140288426981767,-0.1675417412521314,-0.10375028228824491,-0.16861708190282695,-0.1646132073937218,-0.23406403696419378,-0.18323172857710313,-0.22913458061790506,0.020951015088748852,0.062651749134426,-0.028065505206304454,0.0707340556375383,0.01811731609949604,0.09038705368780131,-0.031604425696639536
history_speed_std_mps,0.03487126674670495,-0.07206580963566277,-0.006324522144606959,0.005903200536294476,0.5573563406306793,-0.04504350459384119,0.05177590967132119,0.876061129670796,1.0,0.03622539175641841,-0.0445656103557251,0.05427488168660296,-0.638439495655827,-0.5351764466912561,-0.5832946870077723,-0.3841622848502823,0.406262682328465,0.3774985432841467,-0.022494838706086158,0.009360461346761505,-0.06186225929936855,-0.038495930514200374,-0.08167268225109721,-0.060230709553183846,-0.023210099213617733,0.006648433940564673,0.010627479913494145,0.0660803642898386,0.036639959946197266,0.017435879436510586,0.07525654860873839,0.05275216971437453,0.036386046287280836,-0.13002378139733858,-0.07980561620297316,-0.03924237663525894,0.03022105083990144,0.04177012104141294,0.037193443128417464,-0.08299752725007638,-0.06415809022540439,-0.034870601141832304,0.017637483577953358,0.01651854604888243,0.02501997710473795,0.09157341814618726,0.10546014858918755,-0.02395733607596857,0.014114477420357893,0.7849881345552986,-0.08119005683926706,-0.053622913043005004,-0.07838497209633344,-0.07100399472802343,-0.12834398286054688,-0.1251085269309651,-0.12237814599515537,0.08267634870435502,0.09199201830909293,0.0449666912874833,0.08390966063262849,0.07444187507070014,0.10393304532075068,0.050643966812452354
history_vy_slope_mps2,0.006590670534151944,0.019014136318280844,-0.03292435790940232,0.3044800303102811,-0.005303554026420991,0.017648093638959944,-0.013735098880629973,0.08419408653636512,0.03622539175641841,1.0,0.01287940711207282,0.018536280952398215,-0.07836161988584518,-0.01806851357700957,-0.04587171862662696,-0.03587143558477716,0.06215463379403702,0.03240355507531357,-0.02932008386299234,-0.04454952758501269,0.0028691025255084593,0.001369985160200032,-0.006122279117269099,-0.008642891727327054,-0.014429007383680949,-0.005353688498825169,-0.012850157929404095,-0.013445164233188379,-0.013455827486029304,-0.011024525950818164,-0.022032620435681424,-0.01674378314311702,-0.010645810667644,0.01999005246697136,0.025222385556937968,0.015441649202642654,-0.015113423102520646,-0.012894174791929022,-0.010413282266482266,0.016849024813557798,0.01704190185959316,0.00922830936970367,-0.004583333346587253,-0.014163209916194745,-0.009992620988804006,-0.0035421584759324576,-0.005717447467874571,0.02368867178281774,-0.0115777640547021,0.08044276059504185,-0.00904228417543307,-0.002084357147973848,-0.010950355439366967,-0.006379334740632716,-0.013201319156039651,-0.0003774265219928527,-0.01356902965662051,0.0034408784413202387,-0.0019041912532885487,0.004211513254911847,0.017645837267003295,-0.015924437479778276,0.007359637621050147,0.011893058796818063
history_x_displacement_m,-0.03212580788453221,-0.0015983648883381508,0.6574697380069267,-0.022381721596899443,-0.009878416770783325,0.9946257845938195,-0.10753300463211865,-0.05431276224073826,-0.0445656103557251,0.01287940711207282,1.0,-0.10940556587807662,0.06027486436747346,0.09751634325776486,0.07817895173467711,-0.012417274994797431,-0.004662519080208372,0.012899456830107002,0.02215867661106349,-0.0017779367648166045,0.014275251892051833,0.0023305742564592442,-0.00882351513642952,-0.003751687433502165,0.0014223299726957464,-0.0038261173992481376,-0.00021369106995394746,-0.00636861348813038,-0.008895412476168403,-0.012939966869353005,-0.0029686035769245383,-0.00953287627597691,-0.009633576143992628,0.00769241171146699,0.011323226691848636,0.008837346525909968,-0.0023610407047005852,-0.011851601935574588,-0.0062027050997998075,-0.004884674563717504,0.003994315509062371,0.0158577753207019,0.006225066435648088,-0.002792171966233008,0.004259877034814075,-0.03865893053529533,-0.04247745346820257,0.8641397821557081,-0.08472333747718086,-0.0503781238595999,-0.030406800161565304,-0.02432795525868016,-0.03258198176596773,-0.019157229332941502,-0.01919203029013278,-0.0050469021227480615,-0.02050302822257667,-0.02815125943154718,-0.028371315642765366,-0.018725182505434975,-0.019759623596926738,-0.025920837937458953,-0.02529066804204365,-0.026665649783455526
history_y_displacement_m,-0.022460262342270002,-0.07187686735234856,-0.08819051128428423,0.4697980120009166,-0.08387243987036629,-0.10563747949791977,0.99101562955449,0.014157438655549305,0.05427488168660296,0.018536280952398215,-0.10940556587807662,1.0,0.02885352090389437,0.04108448856546329,0.04367761102094392,-0.11385090669265126,0.09181824063904043,0.11232856494385204,0.005902626079710981,0.023429820900153196,-0.01844664860049887,0.022845250206355024,0.030334768910691336,0.019473201533858366,0.02366566829213369,0.00794379444381857,0.00991218777258054,0.03727840637486336,0.030710339555197558,0.028500536521979616,0.032458335561929064,0.02362653508466667,0.026085787381256335,-0.03279295073614973,-0.030023393065944533,-0.021201597591396115,0.037317314997990805,0.0223249561651796,0.025005002399527215,-0.02956468538200856,-0.030774841568399637,-0.03305154199790926,-0.006075310167313516,0.0008198712808892011,-0.0067964085785050185,0.012767361861859622,0.0031074617328087587,-0.08138476076660825,0.8539070084932412,-0.002430897535550865,-0.00414554761446044,-0.008072898417695488,-0.0036962459886979828,-0.0049947823779367415,0.004483873135089042,-0.005447086354540715,0.004917598071276368,-0.015109181339117211,0.0007091276111684808,0.04101201406675657,-0.034963571890439256,-0.009760346916704774,0.012950253000392029,0.03748606440799254
window_low_speed_fraction,-0.11091998208306908,0.07135329624869127,0.005201197190492296,-0.0025164289776284593,-0.687652558030055,0.06166427444998481,0.03168837942025011,-0.8851296294982135,-0.638439495655827,-0.07836161988584518,0.06027486436747346,0.02885352090389437,1.0,0.648243097944858,0.8584456698453282,0.2342771298896882,-0.23160630954126762,-0.2323366458893488,0.026581344537341733,0.18394888783649188,-0.08176043190471717,0.04844394050282535,0.13957154764736593,0.13272759532723205,0.052846167136784035,0.031245581505611505,0.03554504287932166,0.09474355338984075,0.1488124373344699,0.19218567717289378,0.0670534421424875,0.11732606077940336,0.16404370168292534,-0.053190832749252834,-0.12657192470050416,-0.16421563467506067,0.06772958521514907,0.07455236610623411,0.10241082970050124,-0.05997906359578404,-0.11174225946813296,-0.1600289098592033,-0.005292845146720711,-0.0007914740485938074,-0.023833431752583664,0.09271799638342447,0.07154432461477926,0.047629660672510135,0.053870974793040566,-0.8227398682401813,0.2258782115625512,0.1347653398526365,0.23075799406686037,0.2248001886730609,0.2996888431094468,0.20742288602786949,0.29709113295436,0.04443651355018347,-0.029559043481569423,0.08327431522059192,-0.04654357005761359,0.0407180256320048,-0.068385126813592,0.09970829576812322
waiting_band_dwell_sec,-0.04435799404154641,0.019344350047712802,0.054839278570812486,0.03150346304979073,-0.5056923407540215,0.09867405451491494,0.04092643055719008,-0.6553594910176316,-0.5351764466912561,-0.01806851357700957,0.09751634325776486,0.04108448856546329,0.648243097944858,1.0,0.8957825633836378,0.2668495929032543,-0.20285566567806604,-0.265048648693015,-0.026634233031161254,0.07249743168013906,-0.06832730800730212,0.04646423735197184,0.08550706714001165,0.07905490138155458,0.029513502271740117,0.00802816941970659,0.00939084431328965,0.04735876200109504,0.08109985572130358,0.12002711807005519,0.02268619331235895,0.05599521796282457,0.1028367203441397,-0.010716746370267784,-0.06451001911525285,-0.09493016965686105,0.026727097357860826,0.029896643300110593,0.05438874036099977,-0.011034932587278804,-0.04583824809986087,-0.09866302192414768,-0.04340449758145535,-0.03434307502569087,-0.05098578294199937,0.06781975496100935,0.06158783501954953,0.09442897055468899,0.0630633525626527,-0.601070657509594,0.24706336700511913,0.1697506060688449,0.24661313033657165,0.20886241256592455,0.2853415257335457,0.20726141400269843,0.282227563920407,0.044917114324597024,0.0047121333072088975,0.03858660468963722,-0.022840062341738656,0.027571385364536086,-0.06033916859620963,0.08129722663578083
waiting_low_speed_time_sec,-0.07752805899012405,0.034464787857185035,0.03169612451820722,0.009060937375137468,-0.6411638836335489,0.07976232337817107,0.044251959072012695,-0.7938869727296226,-0.5832946870077723,-0.04587171862662696,0.07817895173467711,0.04367761102094392,0.8584456698453282,0.8957825633836378,1.0,0.25981555645236865,-0.2224020123270216,-0.2583809882872997,-0.0027946329400152913,0.14024512563565053,-0.08730445038770075,0.05655176549289433,0.12783541366823825,0.11819903328308524,0.04582757548211885,0.022432578989537183,0.021305430107766785,0.08223240206192296,0.13069773217305988,0.1759101460626617,0.05364793220195403,0.1004487699149171,0.15218225694003323,-0.03943681966683735,-0.10973499376766059,-0.14495414584318425,0.0536041018759467,0.06125605174806689,0.08705917528056571,-0.04467952547058077,-0.09168030474820626,-0.14675518639400495,-0.026148435902280852,-0.020510782991965047,-0.04556797177898269,0.10069234297391638,0.08534499348703374,0.07323695611414953,0.06461164836399769,-0.7376164636378046,0.26817202583960587,0.1702871822190807,0.27152590674681626,0.24713984735339645,0.33095356613860205,0.23030794649021255,0.32858279177873806,0.05973500258136201,-0.002906446536120171,0.07372448163607558,-0.02534718364432797,0.039335549281763256,-0.0644309803797953,0.11301895771880309
history_observed_fraction,0.06625724539700104,-0.045928058923160604,-0.011002298005557312,-0.0638675317478495,-0.20554207491590548,-0.014690212910509851,-0.11085702073475028,-0.3532880586271663,-0.3841622848502823,-0.03587143558477716,-0.012417274994797431,-0.11385090669265126,0.2342771298896882,0.2668495929032543,0.25981555645236865,1.0,-0.8728483297927672,-0.995750420670155,-0.10311884482616814,-0.10935090413221944,-0.0378790011027185,0.02337828497640624,-0.0008977134684742983,-0.01808736109411931,0.0347072638222697,0.01733397017666774,0.013630934105682415,0.008524279371912658,-0.012182373393831474,-0.010561768774628224,0.024134062965281516,-0.004638131209451411,-0.017835850626044165,0.00674613814605298,0.035530595950722,0.05386190750280366,0.034047539661520354,0.013694784593098254,0.0073952189738443275,-0.025141072314862047,0.0034441482387786125,0.01786454508597668,-0.046042092650288184,-0.0597981545665407,-0.0628950589346045,-0.14599127956640445,-0.12401376665819053,-0.02767822505769556,-0.08560205131078448,-0.29047572954037,-0.019262174805270975,0.005173696885705123,-0.028538894442648774,-0.025288696630716,-0.009131306583511307,0.04321677607498188,-0.01690871226950093,-0.058619260191564715,-0.04964291756333364,-0.17341674451451858,-0.03242100165856664,-0.10248191652074723,-0.044372979651440075,-0.11761235551491028
history_interpolated_fraction,-0.05371206736118548,0.06090734733448694,-0.00018709249833640546,0.05359557647566897,0.20132469567150793,-0.002775322562372712,0.08631786865164275,0.3702944336997106,0.406262682328465,0.06215463379403702,-0.004662519080208372,0.09181824063904043,-0.23160630954126762,-0.20285566567806604,-0.2224020123270216,-0.8728483297927672,1.0,0.8597494027446589,0.09776135533528273,0.09535881356850259,0.04630861439216547,-0.020705404877829826,0.0026454092257022725,0.02613595412304665,-0.036927369499451905,-0.026090074257120264,-0.01586602368438538,-0.020451018618231707,-0.0021500229248556917,0.0041354131070855836,-0.03648488824026654,-0.012161117884473898,0.008713428376991145,0.008194820188736691,-0.021395254767835988,-0.04669143269512724,-0.044505824563016265,-0.0288856263456768,-0.014821101325363406,0.038239764614199034,0.014437623274344773,-0.012178674536084065,0.044704032458929954,0.05487400704592849,0.06274315211869375,0.15566311854256498,0.13223848355776263,0.012106266835828616,0.06363960625627853,0.3076331009439667,0.034610091368781126,0.000685514444519944,0.045603600674667295,0.03131432950373389,0.023229659656390025,-0.03859896772281979,0.03220923054001426,0.06429924072241555,0.05439997102612086,0.17913464829329329,0.0415256734564077,0.104527660369705,0.0411195864649369,0.1248874327731885
history_max_unobserved_gap_sec,-0.06458120703082824,0.04377137313104908,0.01244236609571597,0.06290730531439248,0.20302516454013528,0.01535204483463957,0.10961197468085443,0.3467198107423038,0.3774985432841467,0.03240355507531357,0.012899456830107002,0.11232856494385204,-0.2323366458893488,-0.265048648693015,-0.2583809882872997,-0.995750420670155,0.8597494027446589,1.0,0.10159448963260649,0.10715878539025525,0.037203873974897696,-0.02151420569213189,5.37697332489738e-05,0.016589563910050596,-0.03411849746045698,-0.01731589899976365,-0.01415652474627891,-0.008561487035342754,0.011932795960026206,0.00877024138071091,-0.022854117364099334,0.00489588549958021,0.01665588589231778,-0.008109343047572316,-0.0359649346154966,-0.05223379842375927,-0.03297350462736686,-0.013196055445835502,-0.008408280830278897,0.02367984359027693,-0.004445550580671442,-0.016049908604333515,0.04516227901009894,0.05954233529457115,0.06180732173331978,0.14198690330481392,0.12076703935328653,0.027726148007493324,0.08489042479603011,0.28634774624687803,0.016671298196479594,-0.005776264846460153,0.025491406902667955,0.023078594093085016,0.006142750255046384,-0.043730973912458206,0.013625823715945853,0.05787085828440907,0.048621927500431844,0.16845756464134115,0.032529056333805526,0.10106884931832646,0.04449427584518246,0.11362857757720564
active_vehicle_count,-0.016341970720595476,0.057173528505708525,-0.006582092986810961,-0.0038494339716947275,-0.0035006582291618026,0.02318943155901654,0.00689558400404811,-0.024930033173182223,-0.022494838706086158,-0.02932008386299234,0.02215867661106349,0.005902626079710981,0.026581344537341733,-0.026634233031161254,-0.0027946329400152913,-0.10311884482616814,0.09776135533528273,0.10159448963260649,1.0,0.5238785361511803,0.7811469192147841,-0.14354591639808398,0.08012719568406307,0.1739913560278096,-0.491772490918659,-0.5031528416065799,-0.5140083521841179,-0.5826680462203165,-0.5527775267327314,-0.4859709915365527,-0.534727284654673,-0.5213648384299576,-0.45729024649330924,0.3220955778044991,0.1529170268095821,-0.023930582927391274,-0.6229862619496722,-0.619262726215127,-0.6342101446391056,0.5128102313462302,0.5020644451030717,0.44469554349457907,0.4887538778752752,0.5275277897488719,0.5975462969188811,0.15779631184010484,0.11990382554140518,0.018561520124934307,0.01438599861147868,-0.047606874045133404,0.07473077161371043,0.02477700426865495,0.08795077941792467,0.08084136145859278,0.08235740447177518,0.02369322613232441,0.08872645089694796,0.0566045134869053,-0.026243691790883712,0.24395598914782615,-0.04525540906624152,0.12090735796855331,-0.09789078237936708,0.14621108335381436
approaching_vehicle_count,-0.07570329154428669,0.05096978284482907,-0.03390053432811402,-0.01187579257977752,-0.09477484577045088,0.0011695746044364781,0.023647303526350374,-0.09125766915468889,0.009360461346761505,-0.04454952758501269,-0.0017779367648166045,0.023429820900153196,0.18394888783649188,0.07249743168013906,0.14024512563565053,-0.10935090413221944,0.09535881356850259,0.10715878539025525,0.5238785361511803,1.0,-0.008741192482042527,-0.18160047294405657,0.06975679070347206,0.1908786148596852,-0.1793478379726225,-0.06416080653035365,0.013071747233754693,0.12323794344040878,0.2589166264160034,0.40396322271885404,0.0867035273206052,0.21565073268184207,0.3718386526679388,-0.2824116292027173,-0.48049891109918175,-0.619082407893607,-0.08704875218066421,0.06283415482184346,0.18054583979669925,-0.10750871465730662,-0.2426164003465328,-0.3831692086821274,0.30174946135815023,0.35012663301857627,0.36495245245348923,0.26638417056791786,0.24734073524604314,0.0009839790889987405,0.03193349404990319,-0.10147811026208324,0.21092141905772444,0.08709690280351902,0.22859395055954812,0.19554236104547573,0.23682762429733753,0.0911934010170018,0.2454714415035837,0.08635719397895257,0.06913083713811773,0.27637843301713144,-0.029924329109579734,0.22238009216473878,-0.10740648661553974,0.1761935292058282
stopped_vehicle_count,0.07908894162218705,0.08321456001840383,0.009790207058929927,-0.0033935752406883193,0.04284354590982794,0.013328557838013125,-0.01777341402020325,0.013697352249983991,-0.06186225929936855,0.0028691025255084593,0.014275251892051833,-0.01844664860049887,-0.08176043190471717,-0.06832730800730212,-0.08730445038770075,-0.0378790011027185,0.04630861439216547,0.037203873974897696,0.7811469192147841,-0.008741192482042527,1.0,-0.1005075432289965,0.009887650521599983,0.062410694705704484,-0.4423286408165937,-0.47820897848150606,-0.5035430950841092,-0.8026906996303462,-0.8072145157697033,-0.7736631965186683,-0.7214069091709862,-0.7470169949467095,-0.7249247098504454,0.6419883510552296,0.5444915134896443,0.3767075181826625,-0.6842665575437247,-0.7172580306145552,-0.7502464762056844,0.7097880071789789,0.7421696988255723,0.7156741566997875,0.427258057318353,0.4473841054930952,0.502319445294172,0.029513204239026078,-0.00568786277275285,0.005186055606104378,-0.016102692195021934,-0.004901496035190946,-0.031067653344892233,-0.025865321634987188,-0.022616447892508766,-0.019700692261350263,-0.036439463667690485,-0.03010233342517387,-0.03143181958043032,0.012693619696130873,-0.07100081174625242,0.12594861356652207,-0.009406202356090302,-0.011839576043287203,-0.06293640952003796,0.07909984396171664
veh1_lateral_x_m,-0.11490115894099501,-0.05275162769413561,-0.0041653349718902685,0.02041887539065673,-0.04657917378422109,0.0025219906590599962,0.022517092729572967,-0.061703232171049296,-0.038495930514200374,0.001369985160200032,0.0023305742564592442,0.022845250206355024,0.04844394050282535,0.04646423735197184,0.05655176549289433,0.02337828497640624,-0.020705404877829826,-0.02151420569213189,-0.14354591639808398,-0.18160047294405657,-0.1005075432289965,1.0,0.5417092814821375,0.27900763308635146,0.14433486770739734,0.019815053924719755,-0.003330512093930863,0.19306028441076237,0.12022415584440951,-0.0019790916616403025,0.2270827564129275,0.11412819247084094,-0.0205954687715838,-0.17329456537431226,-0.003639418074527687,0.15576874262813825,0.20389696049332595,0.06210053728235523,-0.004282858446637598,-0.21509587857019913,-0.1067764801889887,0.03542253726431531,-0.09058003439317332,-0.20743138890153595,-0.20359266681522611,-0.12445589253973333,-0.1315162283161835,-0.004983420478920247,0.027848160813655935,-0.08634300992653612,-0.0738832828051277,0.010521875055220564,-0.09118131119942394,-0.04629726864356146,-0.07179121323984987,0.030745848104199846,-0.08485996770643078,-0.053961940814435956,-0.051446484901730066,-0.07468725317053672,-0.0648759905501042,-0.016756093013070215,0.017951088759037198,-0.0978049840567432
veh2_lateral_x_m,-0.08255390781281995,0.01894020531066332,-0.028054818743358564,0.025096006238255787,-0.10905774611368414,-0.007169676768190024,0.030698783080232897,-0.13254743877084346,-0.08167268225109721,-0.006122279117269099,-0.00882351513642952,0.030334768910691336,0.13957154764736593,0.08550706714001165,0.12783541366823825,-0.0008977134684742983,0.0026454092257022725,5.37697332489738e-05,0.08012719568406307,0.06975679070347206,0.009887650521599983,0.5417092814821375,1.0,0.6538191798045954,0.10779936927994979,0.07068446085349624,-0.025720276004990564,0.09948379370923259,0.17672035717167212,0.04324380490026854,0.1079716730099197,0.16723308457658426,0.007034888843754437,-0.05968204458435029,-0.149637081003438,0.02505419099895928,0.11321437330092544,0.12529376413443882,-0.02356064526418987,-0.10678594391142321,-0.15912649394763906,0.003225886800392624,0.001678897148211592,-0.04759698646241337,-0.15852738494234656,0.0014680546870993177,-0.02206879997211205,-0.010735062993801487,0.030349695601842506,-0.1566570772753521,0.011341900063447133,0.012404240549952088,0.00998204245632633,0.035614790427322116,0.03483984508422725,0.045393747311253,0.03169765942330515,-0.028320425844673994,-0.017753048134170654,0.061990357475262776,-0.05174131908053008,0.04384740733095833,-0.05000324318292771,-0.00717575726733158
veh3_lateral_x_m,-0.05526860442576827,0.06700554155501064,-0.02080838071604326,0.016878819882377043,-0.09590415552941434,-0.002949615183126612,0.020032939812569282,-0.11187088113122559,-0.060230709553183846,-0.008642891727327054,-0.003751687433502165,0.019473201533858366,0.13272759532723205,0.07905490138155458,0.11819903328308524,-0.01808736109411931,0.02613595412304665,0.016589563910050596,0.1739913560278096,0.1908786148596852,0.062410694705704484,0.27900763308635146,0.6538191798045954,1.0,-0.021291293073758946,-0.0487573805325547,-0.01373155855929711,0.049273696564760196,0.116459526177354,0.06723793851916157,0.03141057644241784,0.0951353516137466,0.027620939560377866,-0.01599628638596459,-0.10417488097611512,-0.07855217842504034,-0.02977652645135648,-0.012620855104392698,0.010391678354005604,-0.0354393010863208,-0.10115226304639313,-0.03047588267439011,0.028903561562128834,0.010677671886965535,-0.10423435505732438,0.07860379121828728,0.05414067858614389,-0.007747672551419278,0.019151272568068322,-0.13047641680698516,0.0814570563819853,0.04466712512524795,0.08537695118586464,0.09089369964305918,0.10025435679846934,0.07304664774149489,0.10069998157934723,0.005285559125337789,0.007822676021435444,0.12258071008020821,-0.03894555634485777,0.06409135322381837,-0.05898429750986972,0.07178126398986912
veh1_front_y_m,-0.08306842819413413,-0.042576764690088385,-0.007765646808787666,0.0091305654211297,-0.044224329489185504,0.0018035667073784266,0.02384927387809732,-0.05123826403918343,-0.023210099213617733,-0.014429007383680949,0.0014223299726957464,0.02366566829213369,0.052846167136784035,0.029513502271740117,0.04582757548211885,0.0347072638222697,-0.036927369499451905,-0.03411849746045698,-0.491772490918659,-0.1793478379726225,-0.4423286408165937,0.14433486770739734,0.10779936927994979,-0.021291293073758946,1.0,0.4735022941680612,0.491197980918898,0.495340607262045,0.40402532352713555,0.3045648302791939,0.42520853512079987,0.3748799082729483,0.27157217743532874,-0.14537385390820057,-0.1709977652400951,0.007700229073145517,0.8832487244431043,0.5295012160268999,0.49378003056772385,-0.37142836563530895,-0.35991988724911617,-0.25988395489578114,-0.3058693668686322,-0.2698870601991725,-0.3064381047183051,-0.14320038612165126,-0.1333369124557427,-0.01251923975608933,0.02576236971365847,-0.06882372025659589,-0.10333193334787581,-0.050594309872811605,-0.11331862308359833,-0.0732870258043612,-0.08924210536205635,-0.01744619406436631,-0.09738489695350436,-0.10478610313180087,-0.03937948119211279,-0.11350283447505985,-0.057781926941510665,-0.07621471440141978,-0.0010309144041047015,-0.12007511350031869
veh2_front_y_m,-0.07909608857300772,-0.050159937618000916,-0.01190424189768973,0.0018634877992256072,-0.014862222301186183,-0.004078966522102989,0.00903779231017896,-0.019988676305219055,0.006648433940564673,-0.005353688498825169,-0.0038261173992481376,0.00794379444381857,0.031245581505611505,0.00802816941970659,0.022432578989537183,0.01733397017666774,-0.026090074257120264,-0.01731589899976365,-0.5031528416065799,-0.06416080653035365,-0.47820897848150606,0.019815053924719755,0.07068446085349624,-0.0487573805325547,0.4735022941680612,1.0,0.49041251217960397,0.4437987346868807,0.49133335947297235,0.36070064346658814,0.39461859918952585,0.4414311213239705,0.34661477192389706,-0.2912795784904356,-0.14610813985991725,-0.12498590580793248,0.5425830686249318,0.8870334762964769,0.5363732061596616,-0.38512602840477084,-0.39847069605093494,-0.3350932995322373,-0.17869311979110908,-0.25635717540182457,-0.23878237406129527,-0.08103278026162948,-0.07011573129489715,-0.003101050163609949,0.008896014915811771,-0.038613579916183124,-0.050649908208688324,-0.01936767348784347,-0.05563960371915462,-0.029344668613691928,-0.038519125262321485,0.00016750662515667108,-0.04392126735398856,-0.08720692891664893,0.011749486487569426,-0.06956133395818817,-0.013567296364000744,-0.03986599833002673,-0.0053468332392522955,-0.09184150580111322
veh3_front_y_m,-0.03658518089866168,-0.0043002107341492315,-0.008636957325597409,0.004216976678634818,-0.02161461368678261,0.0003343412313582202,0.010065493902698298,-0.016297404191282158,0.010627479913494145,-0.012850157929404095,-0.00021369106995394746,0.00991218777258054,0.03554504287932166,0.00939084431328965,0.021305430107766785,0.013630934105682415,-0.01586602368438538,-0.01415652474627891,-0.5140083521841179,0.013071747233754693,-0.5035430950841092,-0.003330512093930863,-0.025720276004990564,-0.01373155855929711,0.491197980918898,0.49041251217960397,1.0,0.4497024083921355,0.46203939091231716,0.44909538393461573,0.40213236618669707,0.43039580281496875,0.4039887213575432,-0.3112783452447989,-0.3075979918722843,-0.09735815908047411,0.5663650038507205,0.5621941519590113,0.87060114455707,-0.38966214001310745,-0.4211792613320152,-0.3660623773633429,-0.16478719398894506,-0.14494394227019777,-0.19738262947863497,-0.072725845029429,-0.05581747497691178,0.000591421325766108,0.007727168824032281,-0.026482816428905362,-0.04409382680900349,-0.02413411655332315,-0.050101760779765595,-0.02819434502780705,-0.03182764126562831,-0.0025231816470909817,-0.03732068135085139,-0.06356030805513299,-0.007305439692074122,-0.0694500052046506,-0.02066219805351674,-0.018003348144305834,-0.0196935211831641,-0.09226374467533972
veh1_speed_mps,-0.1302012475175888,-0.08332490129592508,-0.01367926350741662,0.004549181059406502,-0.049870372654672056,-0.0046162984024225966,0.03693808211507774,-0.026996329638761963,0.0660803642898386,-0.013445164233188379,-0.00636861348813038,0.03727840637486336,0.09474355338984075,0.04735876200109504,0.08223240206192296,0.008524279371912658,-0.020451018618231707,-0.008561487035342754,-0.5826680462203165,0.12323794344040878,-0.8026906996303462,0.19306028441076237,0.09948379370923259,0.049273696564760196,0.495340607262045,0.4437987346868807,0.4497024083921355,1.0,0.7762418063397615,0.6445425309096765,0.8686152057249158,0.7111373853090973,0.5913192121660655,-0.8008146982869645,-0.5508835111835343,-0.30209449766047275,0.738251270284363,0.6582187117678073,0.6303496332050678,-0.8049838916059142,-0.6921072582570997,-0.5622847235513535,-0.4109341903343987,-0.36709928361703814,-0.3993804116748718,-0.035370498218085154,-0.016938434049730552,-0.0004903310760880425,0.04171569940405037,-0.028101899953920102,0.01754712759244542,0.033086479545563,0.007696881883670091,0.02581614224803472,0.026525681901297764,0.043196349812135604,0.019594700177861694,-0.023124374866359997,0.03465904207253979,-0.08372209122522224,-0.03182556836810995,0.02411102161286585,0.05614226687169574,-0.07500225805609358
veh2_speed_mps,-0.1223732473056677,-0.06010832621915363,-0.017919957607923767,0.002015470290255366,-0.092052061960937,-0.0074725770618651825,0.030786519998922242,-0.06740464669673785,0.036639959946197266,-0.013455827486029304,-0.008895412476168403,0.030710339555197558,0.1488124373344699,0.08109985572130358,0.13069773217305988,-0.012182373393831474,-0.0021500229248556917,0.011932795960026206,-0.5527775267327314,0.2589166264160034,-0.8072145157697033,0.12022415584440951,0.17672035717167212,0.116459526177354,0.40402532352713555,0.49133335947297235,0.46203939091231716,0.7762418063397615,1.0,0.7398332553177406,0.6876246118965129,0.8951359179143321,0.6782036128736769,-0.6596175815859533,-0.8028608967403016,-0.4765667338996263,0.6272008019514904,0.747580578689384,0.6785356449905017,-0.6719335093051568,-0.8363602478871087,-0.6557762211819426,-0.28330921393794906,-0.34105750445845634,-0.34778355965322766,0.025789237963740663,0.04475618747753524,-0.005812090115187615,0.033375386218080096,-0.06723854727600792,0.06599855852850345,0.053079367441531716,0.06077180285480793,0.07213203392396438,0.086188431560564,0.07343513702946841,0.08077817835556371,0.005101181653229507,0.046422115654273566,-0.03445204809221828,-0.008234345383155437,0.06339139825409137,0.026402189016220837,-0.03684084220349848
veh3_speed_mps,-0.09305702636226487,-0.0023767959780659344,-0.022006340620602034,0.0008297075812149537,-0.11943951479293963,-0.011788336525576457,0.02766814089614457,-0.09384117618027335,0.017435879436510586,-0.011024525950818164,-0.012939966869353005,0.028500536521979616,0.19218567717289378,0.12002711807005519,0.1759101460626617,-0.010561768774628224,0.0041354131070855836,0.00877024138071091,-0.4859709915365527,0.40396322271885404,-0.7736631965186683,-0.0019790916616403025,0.04324380490026854,0.06723793851916157,0.3045648302791939,0.36070064346658814,0.44909538393461573,0.6445425309096765,0.7398332553177406,1.0,0.5609085921511213,0.6601087622395335,0.9249961061062238,-0.5660111042081637,-0.6471293686398851,-0.8185724022782862,0.5142471716052684,0.585714307765594,0.7472401546912536,-0.5527401281598908,-0.6491230197033107,-0.8687367194698198,-0.21703681838312544,-0.21806339917228973,-0.3318873021286942,0.11333262584314963,0.1287991217361766,-0.007149301569916853,0.02365553056366493,-0.08505770323150247,0.1369837499485951,0.05788134849935019,0.14266447996240708,0.1147504000187861,0.16094081829966947,0.06740852599486438,0.16347589909029392,0.02852162858199265,0.09679526542601226,0.03974778451363043,0.009946051666317257,0.09788194633832331,0.001246664727599414,0.03218953281041744
veh1_closing_speed_mps,-0.11854916078692883,-0.09517063476943123,-0.007833093308302931,-0.00473851964645422,-0.02552510182607224,-0.0013053659528846006,0.032424277029062476,-0.005019199436607867,0.07525654860873839,-0.022032620435681424,-0.0029686035769245383,0.032458335561929064,0.0670534421424875,0.02268619331235895,0.05364793220195403,0.024134062965281516,-0.03648488824026654,-0.022854117364099334,-0.534727284654673,0.0867035273206052,-0.7214069091709862,0.2270827564129275,0.1079716730099197,0.03141057644241784,0.42520853512079987,0.39461859918952585,0.40213236618669707,0.8686152057249158,0.6876246118965129,0.5609085921511213,1.0,0.66930120183049,0.532453400249094,-0.8286281626388706,-0.5159678125956095,-0.26804858162992395,0.6857868658933199,0.6043669091943538,0.5717386262303721,-0.8493987553479594,-0.6586164320447019,-0.5103824529820055,-0.3150758389416383,-0.3091257404162223,-0.3557390207959553,-0.06421232993999852,-0.04061876995641472,0.0005985083021928267,0.03375377977907149,-0.007491342079348414,-0.011120855031572957,0.01855852166570123,-0.023928564062630348,0.002158597535294798,-0.005379203506899288,0.03407082190688901,-0.0147079000896686,-0.020767856820855815,0.01590724449661595,-0.11482376262701675,-0.03752835894439155,0.015508926701644714,0.0665368451683419,-0.10062000443187191
veh2_closing_speed_mps,-0.11089316112403272,-0.06627675202959118,-0.010612100509015376,-0.00374726737659804,-0.06598607628656354,-0.008072541791502902,0.023894218730735828,-0.0407375499359979,0.05275216971437453,-0.01674378314311702,-0.00953287627597691,0.02362653508466667,0.11732606077940336,0.05599521796282457,0.1004487699149171,-0.004638131209451411,-0.012161117884473898,0.00489588549958021,-0.5213648384299576,0.21565073268184207,-0.7470169949467095,0.11412819247084094,0.16723308457658426,0.0951353516137466,0.3748799082729483,0.4414311213239705,0.43039580281496875,0.7111373853090973,0.8951359179143321,0.6601087622395335,0.66930120183049,1.0,0.6292547077211463,-0.6397389595626104,-0.8246422090105866,-0.4350843209634237,0.5966000827190654,0.714625271664472,0.6345581470273977,-0.6593873044796311,-0.868032555333442,-0.6116301323221651,-0.26458833376876073,-0.2610291761671495,-0.32299370562545265,0.00038658043322260485,0.023119257763895056,-0.006349842004731321,0.02410940447144483,-0.03703618523038871,0.03985604119454132,0.03645383666075892,0.03344838578586801,0.04987771591515301,0.057428573809265464,0.0570740042803306,0.050880679341026754,0.0026041448652569933,0.029721905882685046,-0.053702142555892306,-0.01993046596104468,0.05126092739089672,0.03493621142522346,-0.053981241457227214
veh3_closing_speed_mps,-0.08720936349618136,-0.014560425811623883,-0.01886059250180323,-0.002837801382085478,-0.09814160250288555,-0.0089887379620982,0.025136984604930676,-0.06776863164607173,0.036386046287280836,-0.010645810667644,-0.009633576143992628,0.026085787381256335,0.16404370168292534,0.1028367203441397,0.15218225694003323,-0.017835850626044165,0.008713428376991145,0.01665588589231778,-0.45729024649330924,0.3718386526679388,-0.7249247098504454,-0.0205954687715838,0.007034888843754437,0.027620939560377866,0.27157217743532874,0.34661477192389706,0.4039887213575432,0.5913192121660655,0.6782036128736769,0.9249961061062238,0.532453400249094,0.6292547077211463,1.0,-0.5430388735056241,-0.6206045924934595,-0.8306026185280515,0.4775675425850364,0.5633738808996513,0.7080332017411681,-0.529113297603773,-0.6213202549190264,-0.8816848997762659,-0.1983979406980733,-0.20195380143847477,-0.2756479361900206,0.11275466245078918,0.12894481154319282,-0.004301513610975066,0.021490655734186917,-0.05823020231214048,0.13118578267741385,0.05514418226018441,0.13728822025475246,0.10835170247723735,0.1511641314973984,0.058316843688526306,0.15438751478719034,0.03257610470688551,0.09485471583480495,0.03671283152948074,0.010952232959068655,0.09789028991262244,0.019776934431850628,0.03064497622825984
veh1_ttc_capped_sec,0.10179653779601334,0.09185094329315467,0.010422379868951866,0.006256433474116943,9.21510419780443e-05,0.006189609498009669,-0.032482047147129815,-0.03635037751954507,-0.13002378139733858,0.01999005246697136,0.00769241171146699,-0.03279295073614973,-0.053190832749252834,-0.010716746370267784,-0.03943681966683735,0.00674613814605298,0.008194820188736691,-0.008109343047572316,0.3220955778044991,-0.2824116292027173,0.6419883510552296,-0.17329456537431226,-0.05968204458435029,-0.01599628638596459,-0.14537385390820057,-0.2912795784904356,-0.3112783452447989,-0.8008146982869645,-0.6596175815859533,-0.5660111042081637,-0.8286281626388706,-0.6397389595626104,-0.5430388735056241,1.0,0.6136358993945558,0.41174779904259984,-0.5195530013871094,-0.5270692043992994,-0.5159718815935348,0.8097073841657279,0.6359717588956978,0.5262368237198667,0.0921795410157671,0.1389443739836787,0.17950964809904232,-0.018059905129924777,-0.04284857570878748,0.002044737642004771,-0.037167738069525065,-0.04170925922142631,-0.04737872414979841,-0.047616084608524296,-0.03848923730336932,-0.04803930024118968,-0.047684948166692456,-0.044824952336843846,-0.041452294228514264,-0.03567709617783028,-0.0392883720629506,0.056281752528835216,0.02278541245330444,-0.0760846977465745,-0.059490932904295774,0.04093512257253543
veh2_ttc_capped_sec,0.08554157880292221,0.04285172097045888,0.014112435629964875,0.008685257480703862,0.059219245379832655,0.009843365204016966,-0.029748580453514025,0.025302396298795552,-0.07980561620297316,0.025222385556937968,0.011323226691848636,-0.030023393065944533,-0.12657192470050416,-0.06451001911525285,-0.10973499376766059,0.035530595950722,-0.021395254767835988,-0.0359649346154966,0.1529170268095821,-0.48049891109918175,0.5444915134896443,-0.003639418074527687,-0.149637081003438,-0.10417488097611512,-0.1709977652400951,-0.14610813985991725,-0.3075979918722843,-0.5508835111835343,-0.8028608967403016,-0.6471293686398851,-0.5159678125956095,-0.8246422090105866,-0.6206045924934595,0.6136358993945558,1.0,0.6004777016614617,-0.3867958862996542,-0.5208719758656781,-0.5445508422737217,0.5341276638733631,0.8079127740226363,0.6112870448466428,0.01890705664015033,-0.07792114254252054,0.03804258414477907,-0.10336038868406279,-0.1206689462396741,0.006460998032418503,-0.033350944883081365,0.019269160176923813,-0.12258895630706343,-0.07543665326171534,-0.12065095108685776,-0.11704943860297563,-0.13905767031166358,-0.08414763255068987,-0.13587244861066403,-0.061462152645585244,-0.06199740149434037,-0.03399844008019945,0.005810751325281927,-0.1275614174852945,-0.008256384068504678,-0.022688352796951014
veh3_ttc_capped_sec,0.0378217019309924,-0.03285526273732326,0.015922471606024897,0.010338363680153659,0.0861782869455111,0.007817724701408244,-0.02034144102606332,0.060994641053468135,-0.03924237663525894,0.015441649202642654,0.008837346525909968,-0.021201597591396115,-0.16421563467506067,-0.09493016965686105,-0.14495414584318425,0.05386190750280366,-0.04669143269512724,-0.05223379842375927,-0.023930582927391274,-0.619082407893607,0.3767075181826625,0.15576874262813825,0.02505419099895928,-0.07855217842504034,0.007700229073145517,-0.12498590580793248,-0.09735815908047411,-0.30209449766047275,-0.4765667338996263,-0.8185724022782862,-0.26804858162992395,-0.4350843209634237,-0.8306026185280515,0.41174779904259984,0.6004777016614617,1.0,-0.14592179700383878,-0.31655599121977024,-0.4947714078304526,0.2961467531195282,0.4597246478175839,0.8118001380057762,-0.10463322533468485,-0.14717243480139205,-0.1535523965846732,-0.21179271760783197,-0.21707857758810967,0.0003430533596323554,-0.018929765543871054,0.050549497897936044,-0.20713660612350446,-0.08938785778816755,-0.2194569456611294,-0.1717808222778879,-0.2251168700452521,-0.08257073427579512,-0.2325603286188205,-0.09108441487741951,-0.10589916869926129,-0.13752052568594725,-0.019504338956914252,-0.17682313848045667,0.02343791686283813,-0.10785645803773443
veh1_history_mean_front_y_m,-0.1179805235638059,-0.08077445135561058,-0.008920164180668986,0.009930569514400047,-0.04061942020856291,-0.0014497761239161365,0.037208165661312,-0.030854346657405274,0.03022105083990144,-0.015113423102520646,-0.0023610407047005852,0.037317314997990805,0.06772958521514907,0.026727097357860826,0.0536041018759467,0.034047539661520354,-0.044505824563016265,-0.03297350462736686,-0.6229862619496722,-0.08704875218066421,-0.6842665575437247,0.20389696049332595,0.11321437330092544,-0.02977652645135648,0.8832487244431043,0.5425830686249318,0.5663650038507205,0.738251270284363,0.6272008019514904,0.5142471716052684,0.6857868658933199,0.5966000827190654,0.4775675425850364,-0.5195530013871094,-0.3867958862996542,-0.14592179700383878,1.0,0.6932384835642688,0.663331409317534,-0.6612717514079589,-0.5828727099077214,-0.4606104830869887,-0.32096374311507087,-0.34300941497098997,-0.3869095714706115,-0.1335119328291129,-0.11253507713798196,-0.01038955459252614,0.040077982147064505,-0.042074332091931885,-0.08402764094251222,-0.03208980445623141,-0.09709799890496415,-0.057549899184082806,-0.07209586885671802,-0.004082977071446012,-0.08188273138320988,-0.08442744457476811,-0.022581731316355363,-0.14198391056374465,-0.05838679958980922,-0.047249682835175444,0.029964187861483478,-0.13490473359681618
veh2_history_mean_front_y_m,-0.11804915029950828,-0.07414657530385539,-0.021332482977846054,0.00345368158815553,-0.037961025973850544,-0.011350636709620023,0.022967875194762788,-0.024608902369072202,0.04177012104141294,-0.012894174791929022,-0.011851601935574588,0.0223249561651796,0.07455236610623411,0.029896643300110593,0.06125605174806689,0.013694784593098254,-0.0288856263456768,-0.013196055445835502,-0.619262726215127,0.06283415482184346,-0.7172580306145552,0.06210053728235523,0.12529376413443882,-0.012620855104392698,0.5295012160268999,0.8870334762964769,0.5621941519590113,0.6582187117678073,0.747580578689384,0.585714307765594,0.6043669091943538,0.714625271664472,0.5633738808996513,-0.5270692043992994,-0.5208719758656781,-0.31655599121977024,0.6932384835642688,1.0,0.7063472511918562,-0.5989824017394937,-0.6985169317139404,-0.5508281983405783,-0.25392573688486286,-0.2636511207702254,-0.32717513377749274,-0.05372184300533119,-0.032479404943183396,-0.009053764097835154,0.02261965688640752,-0.03707530180177092,-0.013751350088614504,0.0038755126400466413,-0.02092118533427329,0.003631965911240866,0.0015621522171500762,0.0245059948755557,-0.005419420840900464,-0.059413893338561646,0.03211949319706729,-0.07863134351911193,-0.019334590058386284,0.0011475843505294723,0.016647320967180013,-0.09147189154333504
veh3_history_mean_front_y_m,-0.0729328736239313,-0.009612823565888343,-0.0151766267788138,0.004761058422568382,-0.0559419985636306,-0.005628536459764172,0.024488561057993765,-0.03734125604108366,0.037193443128417464,-0.010413282266482266,-0.0062027050997998075,0.025005002399527215,0.10241082970050124,0.05438874036099977,0.08705917528056571,0.0073952189738443275,-0.014821101325363406,-0.008408280830278897,-0.6342101446391056,0.18054583979669925,-0.7502464762056844,-0.004282858446637598,-0.02356064526418987,0.010391678354005604,0.49378003056772385,0.5363732061596616,0.87060114455707,0.6303496332050678,0.6785356449905017,0.7472401546912536,0.5717386262303721,0.6345581470273977,0.7080332017411681,-0.5159718815935348,-0.5445508422737217,-0.4947714078304526,0.663331409317534,0.7063472511918562,1.0,-0.565433575704386,-0.6315603780856047,-0.6978667319571902,-0.22231938922565292,-0.19947812253251235,-0.2339793367099525,-0.003616178920046532,0.02040403758469026,-0.0009826328238639367,0.021283372183922275,-0.039635003159610896,0.036515845563499454,0.018534982571157894,0.032778611948849984,0.035383813894851915,0.05357922010379573,0.0329116312145459,0.04979581481481292,-0.02166121399473399,0.040490092613180984,-0.0508221955369589,-0.014364375827710534,0.03976128650620086,-0.006395019458881265,-0.06073870677041714
veh1_history_front_y_change_m,0.11216218358238664,0.10075299246208066,0.0013477640162128733,0.004755732749814618,0.020301797999501606,-0.005810325192690533,-0.029486091111741546,-0.004407822047909563,-0.08299752725007638,0.016849024813557798,-0.004884674563717504,-0.02956468538200856,-0.05997906359578404,-0.011034932587278804,-0.04467952547058077,-0.025141072314862047,0.038239764614199034,0.02367984359027693,0.5128102313462302,-0.10750871465730662,0.7097880071789789,-0.21509587857019913,-0.10678594391142321,-0.0354393010863208,-0.37142836563530895,-0.38512602840477084,-0.38966214001310745,-0.8049838916059142,-0.6719335093051568,-0.5527401281598908,-0.8493987553479594,-0.6593873044796311,-0.529113297603773,0.8097073841657279,0.5341276638733631,0.2961467531195282,-0.6612717514079589,-0.5989824017394937,-0.565433575704386,1.0,0.6635983642673309,0.5168698865166407,0.22389599288307785,0.2669678248031347,0.31268020163754195,0.07391785226673796,0.04706517134372742,-0.011357066838298742,-0.031133064207297438,-0.0019445971264408029,0.01583107046465023,-0.019863581030249346,0.029774282288020763,0.0006923191962541252,0.010901151482740228,-0.033188482287640306,0.021066308828787066,0.019756248776851833,-0.0026130073915009997,0.12333964001479496,0.048974901870428716,-0.016663933056010438,-0.06625812929052677,0.10841413311452722
veh2_history_front_y_change_m,0.10661371549768577,0.06369043945796095,0.00976478923177155,0.002539213339027765,0.06383396737974395,0.002882389773311139,-0.031184829757008547,0.03088621662173768,-0.06415809022540439,0.01704190185959316,0.003994315509062371,-0.030774841568399637,-0.11174225946813296,-0.04583824809986087,-0.09168030474820626,0.0034441482387786125,0.014437623274344773,-0.004445550580671442,0.5020644451030717,-0.2426164003465328,0.7421696988255723,-0.1067764801889887,-0.15912649394763906,-0.10115226304639313,-0.35991988724911617,-0.39847069605093494,-0.4211792613320152,-0.6921072582570997,-0.8363602478871087,-0.6491230197033107,-0.6586164320447019,-0.868032555333442,-0.6213202549190264,0.6359717588956978,0.8079127740226363,0.4597246478175839,-0.5828727099077214,-0.6985169317139404,-0.6315603780856047,0.6635983642673309,1.0,0.6171999126942973,0.2494052400522723,0.16969447727593884,0.28591291626540866,-0.0012903921498726224,-0.024230903835701114,-0.0007468509651176628,-0.030629459854518076,0.027289602437602624,-0.04248693969612268,-0.039590290567044946,-0.035946753875412824,-0.05301837955744112,-0.0598002951857204,-0.060634792485215736,-0.05297853922454145,-0.007876600526888355,-0.02883361525051681,0.05786617973511152,0.029025248994354578,-0.05984470446516193,-0.025127918285836045,0.05473561284691249
veh3_history_front_y_change_m,0.08036928935813818,0.01054549012310367,0.018505535166115465,-0.0009008896270566505,0.09372417860320409,0.014641745818125022,-0.03144119946284546,0.06595177597198792,-0.034870601141832304,0.00922830936970367,0.0158577753207019,-0.03305154199790926,-0.1600289098592033,-0.09866302192414768,-0.14675518639400495,0.01786454508597668,-0.012178674536084065,-0.016049908604333515,0.44469554349457907,-0.3831692086821274,0.7156741566997875,0.03542253726431531,0.003225886800392624,-0.03047588267439011,-0.25988395489578114,-0.3350932995322373,-0.3660623773633429,-0.5622847235513535,-0.6557762211819426,-0.8687367194698198,-0.5103824529820055,-0.6116301323221651,-0.8816848997762659,0.5262368237198667,0.6112870448466428,0.8118001380057762,-0.4606104830869887,-0.5508281983405783,-0.6978667319571902,0.5168698865166407,0.6171999126942973,1.0,0.18251270032848765,0.17271261770766483,0.19108560433167288,-0.11583921763368135,-0.13006906561632103,0.010371913540395619,-0.02850071958935036,0.056722515564071894,-0.1359129227237482,-0.05720680764481131,-0.14210556108840344,-0.11054519858202902,-0.15532160052407998,-0.05945463558283471,-0.15831561917056455,-0.03848343386653853,-0.09022843281802694,-0.03636221669168596,-0.008355728143215762,-0.09982313955658467,-0.014622999729571755,-0.03348818323524423
veh1_history_observed_fraction,0.04607392258592098,0.06679723792309565,0.004418088765771779,-0.0033506953494923776,0.018266697506995937,0.008069033735937193,-0.006666930076851001,0.019245239165117296,0.017637483577953358,-0.004583333346587253,0.006225066435648088,-0.006075310167313516,-0.005292845146720711,-0.04340449758145535,-0.026148435902280852,-0.046042092650288184,0.044704032458929954,0.04516227901009894,0.4887538778752752,0.30174946135815023,0.427258057318353,-0.09058003439317332,0.001678897148211592,0.028903561562128834,-0.3058693668686322,-0.17869311979110908,-0.16478719398894506,-0.4109341903343987,-0.28330921393794906,-0.21703681838312544,-0.3150758389416383,-0.26458833376876073,-0.1983979406980733,0.0921795410157671,0.01890705664015033,-0.10463322533468485,-0.32096374311507087,-0.25392573688486286,-0.22231938922565292,0.22389599288307785,0.2494052400522723,0.18251270032848765,1.0,0.4674032978507039,0.45792544088808307,0.08665272468859424,0.0732467746987519,0.010945298000730378,-0.000938668846311026,0.0008765978274171524,0.05656138424367594,0.01982050976671278,0.06306249621924749,0.05555077242383526,0.06018337933135562,0.027086756677740582,0.06303595337459213,0.06019631373820082,-0.040421309758797465,0.1219139901408272,-0.0016956868188761926,0.054912483724934145,-0.05872620351757609,0.09051320009348791
veh2_history_observed_fraction,0.02598096670872885,0.08287990234565967,-0.0015253034144720502,-0.008758774313692026,0.013842999606434108,-0.0021519983634414636,0.00016912954839434755,0.01483177313969217,0.01651854604888243,-0.014163209916194745,-0.002792171966233008,0.0008198712808892011,-0.0007914740485938074,-0.03434307502569087,-0.020510782991965047,-0.0597981545665407,0.05487400704592849,0.05954233529457115,0.5275277897488719,0.35012663301857627,0.4473841054930952,-0.20743138890153595,-0.04759698646241337,0.010677671886965535,-0.2698870601991725,-0.25635717540182457,-0.14494394227019777,-0.36709928361703814,-0.34105750445845634,-0.21806339917228973,-0.3091257404162223,-0.2610291761671495,-0.20195380143847477,0.1389443739836787,-0.07792114254252054,-0.14717243480139205,-0.34300941497098997,-0.2636511207702254,-0.19947812253251235,0.2669678248031347,0.16969447727593884,0.17271261770766483,0.4674032978507039,1.0,0.5679638076108134,0.08912009569802426,0.07430542222823154,0.0015768150842741765,0.0007210187167214565,-0.0008647182751220116,0.07137799300026071,0.047614639223251334,0.07437734741520903,0.07494423350833228,0.07607091827653638,0.046498625817405236,0.07646111781497762,0.06092101479026243,-0.02640176543737629,0.12682357384051218,-0.021401473300734317,0.07520743974549857,-0.08742405591860296,0.08430518024116947
veh3_history_observed_fraction,0.03156039055915334,0.07604797316778288,0.001468294650403048,-0.0146633311648846,0.03362428565512805,0.004868600326355452,-0.006048259757206012,0.03344973547807241,0.02501997710473795,-0.009992620988804006,0.004259877034814075,-0.0067964085785050185,-0.023833431752583664,-0.05098578294199937,-0.04556797177898269,-0.0628950589346045,0.06274315211869375,0.06180732173331978,0.5975462969188811,0.36495245245348923,0.502319445294172,-0.20359266681522611,-0.15852738494234656,-0.10423435505732438,-0.3064381047183051,-0.23878237406129527,-0.19738262947863497,-0.3993804116748718,-0.34778355965322766,-0.3318873021286942,-0.3557390207959553,-0.32299370562545265,-0.2756479361900206,0.17950964809904232,0.03804258414477907,-0.1535523965846732,-0.3869095714706115,-0.32717513377749274,-0.2339793367099525,0.31268020163754195,0.28591291626540866,0.19108560433167288,0.45792544088808307,0.5679638076108134,1.0,0.09619462768118921,0.0792104350521759,0.005119396581700416,-0.006968972341232008,0.015722551131145967,0.06754865803888645,0.05718377357744181,0.06961296172557763,0.06846282201295645,0.06381339893930742,0.04188536476641708,0.06384913012205835,0.07717361778704153,-0.028474450749269863,0.1241633765726023,-0.008333373590347522,0.08873370176461838,-0.06627833055473631,0.08362685406978793
dbscan_history_mean_group_size,0.02064855996406664,0.0654434051675636,-0.024178673374285108,-0.008525818158884441,-0.014434688711712407,-0.03829577556802707,0.012155421718874961,-0.003929332997686851,0.09157341814618726,-0.0035421584759324576,-0.03865893053529533,0.012767361861859622,0.09271799638342447,0.06781975496100935,0.10069234297391638,-0.14599127956640445,0.15566311854256498,0.14198690330481392,0.15779631184010484,0.26638417056791786,0.029513204239026078,-0.12445589253973333,0.0014680546870993177,0.07860379121828728,-0.14320038612165126,-0.08103278026162948,-0.072725845029429,-0.035370498218085154,0.025789237963740663,0.11333262584314963,-0.06421232993999852,0.00038658043322260485,0.11275466245078918,-0.018059905129924777,-0.10336038868406279,-0.21179271760783197,-0.1335119328291129,-0.05372184300533119,-0.003616178920046532,0.07391785226673796,-0.0012903921498726224,-0.11583921763368135,0.08665272468859424,0.08912009569802426,0.09619462768118921,1.0,0.9773024210947874,-0.023709896695969145,0.019244494618709276,0.05923233194290483,0.6798154653400311,0.36786940518344646,0.7232990382023458,0.6036049730710017,0.659920308165796,0.25389896837702847,0.6882120808622707,0.6549674485889388,0.4635622705499319,0.6906692244963629,0.360767088621069,0.6124414966190184,0.1955137500623187,0.748610288891664
dbscan_history_mean_spread_m,0.033865769489159404,0.04951242562416862,-0.025489369226627857,-0.015239646947326841,0.001968182417539847,-0.04225716681398179,0.0025480246773502205,0.015014569314202387,0.10546014858918755,-0.005717447467874571,-0.04247745346820257,0.0031074617328087587,0.07154432461477926,0.06158783501954953,0.08534499348703374,-0.12401376665819053,0.13223848355776263,0.12076703935328653,0.11990382554140518,0.24734073524604314,-0.00568786277275285,-0.1315162283161835,-0.02206879997211205,0.05414067858614389,-0.1333369124557427,-0.07011573129489715,-0.05581747497691178,-0.016938434049730552,0.04475618747753524,0.1287991217361766,-0.04061876995641472,0.023119257763895056,0.12894481154319282,-0.04284857570878748,-0.1206689462396741,-0.21707857758810967,-0.11253507713798196,-0.032479404943183396,0.02040403758469026,0.04706517134372742,-0.024230903835701114,-0.13006906561632103,0.0732467746987519,0.07430542222823154,0.0792104350521759,0.9773024210947874,1.0,-0.028451449056063883,0.008332700061698067,0.08263576419849454,0.6784113202801383,0.37774194932743027,0.7166020767349067,0.5962558724481002,0.6496358443052066,0.2613082472333283,0.6748968157821681,0.6858835118088524,0.4650802692231672,0.6301980964851477,0.3719351149125016,0.6155604653787285,0.2049016436240902,0.7219751095147531
dbscan_history_mean_vx_mps,-0.03708775062505647,-0.014786817778052293,0.6030362688476064,-0.017852280119231335,-0.010700864512154152,0.8672644205034454,-0.08216993459013222,-0.035627895940620984,-0.02395733607596857,0.02368867178281774,0.8641397821557081,-0.08138476076660825,0.047629660672510135,0.09442897055468899,0.07323695611414953,-0.02767822505769556,0.012106266835828616,0.027726148007493324,0.018561520124934307,0.0009839790889987405,0.005186055606104378,-0.004983420478920247,-0.010735062993801487,-0.007747672551419278,-0.01251923975608933,-0.003101050163609949,0.000591421325766108,-0.0004903310760880425,-0.005812090115187615,-0.007149301569916853,0.0005985083021928267,-0.006349842004731321,-0.004301513610975066,0.002044737642004771,0.006460998032418503,0.0003430533596323554,-0.01038955459252614,-0.009053764097835154,-0.0009826328238639367,-0.011357066838298742,-0.0007468509651176628,0.010371913540395619,0.010945298000730378,0.0015768150842741765,0.005119396581700416,-0.023709896695969145,-0.028451449056063883,1.0,-0.09963608316467247,-0.033675066539109094,-0.021412187422202064,-0.020773364241605644,-0.022041881423974216,-0.009038352698071558,-0.00920025515250713,-0.0007973821823263902,-0.009639948495875855,-0.023520403169275693,-0.00935582629269191,-0.007835472212178906,-0.0178852191344618,-0.02018717369702232,-0.037548728179183435,-0.010374673746473951
dbscan_history_mean_vy_mps,-0.029125166226827412,-0.07120661193470583,-0.07888757451930618,0.43203472952191035,-0.08135447153549392,-0.08238360546828633,0.8600814503930836,-0.025274043296555745,0.014114477420357893,-0.0115777640547021,-0.08472333747718086,0.8539070084932412,0.053870974793040566,0.0630633525626527,0.06461164836399769,-0.08560205131078448,0.06363960625627853,0.08489042479603011,0.01438599861147868,0.03193349404990319,-0.016102692195021934,0.027848160813655935,0.030349695601842506,0.019151272568068322,0.02576236971365847,0.008896014915811771,0.007727168824032281,0.04171569940405037,0.033375386218080096,0.02365553056366493,0.03375377977907149,0.02410940447144483,0.021490655734186917,-0.037167738069525065,-0.033350944883081365,-0.018929765543871054,0.040077982147064505,0.02261965688640752,0.021283372183922275,-0.031133064207297438,-0.030629459854518076,-0.02850071958935036,-0.000938668846311026,0.0007210187167214565,-0.006968972341232008,0.019244494618709276,0.008332700061698067,-0.09963608316467247,1.0,-0.017049672908352697,-0.0038130344028268837,-0.010031750300329084,-0.0014792510843421203,-0.004738609034695733,0.005486041463644168,-0.012389838860900572,0.007089500028011508,-0.014229581271584841,-0.005184218990267243,0.055243577624184505,-0.05263786376467163,0.007515485416325627,0.012364384654340895,0.04306535361328564
dbscan_history_mean_speed_mps,0.12616847529018985,-0.06879472034350446,-8.311882686214164e-05,0.0015009637161086638,0.6316706484736392,-0.051179824814583656,-0.006496916427844248,0.9140288426981767,0.7849881345552986,0.08044276059504185,-0.0503781238595999,-0.002430897535550865,-0.8227398682401813,-0.601070657509594,-0.7376164636378046,-0.29047572954037,0.3076331009439667,0.28634774624687803,-0.047606874045133404,-0.10147811026208324,-0.004901496035190946,-0.08634300992653612,-0.1566570772753521,-0.13047641680698516,-0.06882372025659589,-0.038613579916183124,-0.026482816428905362,-0.028101899953920102,-0.06723854727600792,-0.08505770323150247,-0.007491342079348414,-0.03703618523038871,-0.05823020231214048,-0.04170925922142631,0.019269160176923813,0.050549497897936044,-0.042074332091931885,-0.03707530180177092,-0.039635003159610896,-0.0019445971264408029,0.027289602437602624,0.056722515564071894,0.0008765978274171524,-0.0008647182751220116,0.015722551131145967,0.05923233194290483,0.08263576419849454,-0.033675066539109094,-0.017049672908352697,1.0,-0.1399361065352088,-0.09917452164008483,-0.1341317582509854,-0.1540325579232858,-0.2189912240636906,-0.2106401686918855,-0.20739944335298238,0.06740782999526089,0.08820848339340852,0.006502566154955069,0.12135319482478178,0.05743219090591746,0.10224331954776618,0.008210375988959424
dbscan_companion_wait_mean_sec,0.05266826988111374,0.061018335552804046,-0.019076329174873403,-0.021367700753505917,-0.15133230876948392,-0.02990227069734676,-0.005316383229600045,-0.1675417412521314,-0.08119005683926706,-0.00904228417543307,-0.030406800161565304,-0.00414554761446044,0.2258782115625512,0.24706336700511913,0.26817202583960587,-0.019262174805270975,0.034610091368781126,0.016671298196479594,0.07473077161371043,0.21092141905772444,-0.031067653344892233,-0.0738832828051277,0.011341900063447133,0.0814570563819853,-0.10333193334787581,-0.050649908208688324,-0.04409382680900349,0.01754712759244542,0.06599855852850345,0.1369837499485951,-0.011120855031572957,0.03985604119454132,0.13118578267741385,-0.04737872414979841,-0.12258895630706343,-0.20713660612350446,-0.08402764094251222,-0.013751350088614504,0.036515845563499454,0.01583107046465023,-0.04248693969612268,-0.1359129227237482,0.05656138424367594,0.07137799300026071,0.06754865803888645,0.6798154653400311,0.6784113202801383,-0.021412187422202064,-0.0038130344028268837,-0.1399361065352088,1.0,0.784879066492726,0.9870008415843771,0.8882133469355037,0.9438348949433023,0.647558120439302,0.93440218975983,0.5608913565378766,0.3269567699196138,0.3930584657670363,0.22274848035875733,0.4689691386024075,0.07147278460313383,0.5341786647891368
dbscan_companion_wait_min_sec,-0.006854841482762665,0.015411819818873048,-0.01283474975569892,-0.020140162754462818,-0.10180436395966486,-0.02396341452907055,-0.009575508609930705,-0.10375028228824491,-0.053622913043005004,-0.002084357147973848,-0.02432795525868016,-0.008072898417695488,0.1347653398526365,0.1697506060688449,0.1702871822190807,0.005173696885705123,0.000685514444519944,-0.005776264846460153,0.02477700426865495,0.08709690280351902,-0.025865321634987188,0.010521875055220564,0.012404240549952088,0.04466712512524795,-0.050594309872811605,-0.01936767348784347,-0.02413411655332315,0.033086479545563,0.053079367441531716,0.05788134849935019,0.01855852166570123,0.03645383666075892,0.05514418226018441,-0.047616084608524296,-0.07543665326171534,-0.08938785778816755,-0.03208980445623141,0.0038755126400466413,0.018534982571157894,-0.019863581030249346,-0.039590290567044946,-0.05720680764481131,0.01982050976671278,0.047614639223251334,0.05718377357744181,0.36786940518344646,0.37774194932743027,-0.020773364241605644,-0.010031750300329084,-0.09917452164008483,0.784879066492726,1.0,0.7017598221499998,0.7813788681039666,0.6900343909378377,0.820152865411463,0.6370019246604529,0.4112021662903346,0.18575623283281914,0.19993026481354967,0.10030529385975799,0.30018016142761045,0.010887727135932874,0.3471985632172609
dbscan_companion_wait_max_sec,0.05745107903751845,0.0676759224675401,-0.02061779904255872,-0.021203882526442556,-0.1503971977946843,-0.03187351449619375,-0.0046227014236449706,-0.16861708190282695,-0.07838497209633344,-0.010950355439366967,-0.03258198176596773,-0.0036962459886979828,0.23075799406686037,0.24661313033657165,0.27152590674681626,-0.028538894442648774,0.045603600674667295,0.025491406902667955,0.08795077941792467,0.22859395055954812,-0.022616447892508766,-0.09118131119942394,0.00998204245632633,0.08537695118586464,-0.11331862308359833,-0.05563960371915462,-0.050101760779765595,0.007696881883670091,0.06077180285480793,0.14266447996240708,-0.023928564062630348,0.03344838578586801,0.13728822025475246,-0.03848923730336932,-0.12065095108685776,-0.2194569456611294,-0.09709799890496415,-0.02092118533427329,0.032778611948849984,0.029774282288020763,-0.035946753875412824,-0.14210556108840344,0.06306249621924749,0.07437734741520903,0.06961296172557763,0.7232990382023458,0.7166020767349067,-0.022041881423974216,-0.0014792510843421203,-0.1341317582509854,0.9870008415843771,0.7017598221499998,1.0,0.8605089481746815,0.944350202991967,0.5649701833117312,0.951102575175174,0.5641412746761417,0.34487223277177553,0.4270248152619871,0.24255781362419926,0.48251008671065143,0.08862213076899024,0.5553148128358237
dbscan_companion_low_speed_fraction,0.012559373969058922,0.04142875828970578,-0.013251502983580804,-0.023849088714661456,-0.15688290757615447,-0.018289716818899824,-0.006186744961279771,-0.1646132073937218,-0.07100399472802343,-0.006379334740632716,-0.019157229332941502,-0.0049947823779367415,0.2248001886730609,0.20886241256592455,0.24713984735339645,-0.025288696630716,0.03131432950373389,0.023078594093085016,0.08084136145859278,0.19554236104547573,-0.019700692261350263,-0.04629726864356146,0.035614790427322116,0.09089369964305918,-0.0732870258043612,-0.029344668613691928,-0.02819434502780705,0.02581614224803472,0.07213203392396438,0.1147504000187861,0.002158597535294798,0.04987771591515301,0.10835170247723735,-0.04803930024118968,-0.11704943860297563,-0.1717808222778879,-0.057549899184082806,0.003631965911240866,0.035383813894851915,0.0006923191962541252,-0.05301837955744112,-0.11054519858202902,0.05555077242383526,0.07494423350833228,0.06846282201295645,0.6036049730710017,0.5962558724481002,-0.009038352698071558,-0.004738609034695733,-0.1540325579232858,0.8882133469355037,0.7813788681039666,0.8605089481746815,1.0,0.9331295637071416,0.8001667741922988,0.9070145874008244,0.49517653974056663,0.28337578407709524,0.3700734369998892,0.1871536172814511,0.4106630459551971,0.06464360056466777,0.4907168204805355
dbscan_companion_low_speed_wait_mean_sec,0.042514587432068575,0.06897081490831855,-0.016075577849149692,-0.018621803007355803,-0.20752438979633409,-0.018290084698586225,0.0036534201328365613,-0.23406403696419378,-0.12834398286054688,-0.013201319156039651,-0.01919203029013278,0.004483873135089042,0.2996888431094468,0.2853415257335457,0.33095356613860205,-0.009131306583511307,0.023229659656390025,0.006142750255046384,0.08235740447177518,0.23682762429733753,-0.036439463667690485,-0.07179121323984987,0.03483984508422725,0.10025435679846934,-0.08924210536205635,-0.038519125262321485,-0.03182764126562831,0.026525681901297764,0.086188431560564,0.16094081829966947,-0.005379203506899288,0.057428573809265464,0.1511641314973984,-0.047684948166692456,-0.13905767031166358,-0.2251168700452521,-0.07209586885671802,0.0015621522171500762,0.05357922010379573,0.010901151482740228,-0.0598002951857204,-0.15532160052407998,0.06018337933135562,0.07607091827653638,0.06381339893930742,0.659920308165796,0.6496358443052066,-0.00920025515250713,0.005486041463644168,-0.2189912240636906,0.9438348949433023,0.6900343909378377,0.944350202991967,0.9331295637071416,1.0,0.6660056467833839,0.9937878926358756,0.5236082686146831,0.30091322434939677,0.38532140366717726,0.20760056178834743,0.43742662104709007,0.05947621701895028,0.5166867218978985
dbscan_companion_low_speed_wait_min_sec,-0.01026197603232779,0.014032585539402388,-0.008817425355880643,-0.018790213144924284,-0.16759093269700884,-0.004372596771257578,-0.00680008315960145,-0.18323172857710313,-0.1251085269309651,-0.0003774265219928527,-0.0050469021227480615,-0.005447086354540715,0.20742288602786949,0.20726141400269843,0.23030794649021255,0.04321677607498188,-0.03859896772281979,-0.043730973912458206,0.02369322613232441,0.0911934010170018,-0.03010233342517387,0.030745848104199846,0.045393747311253,0.07304664774149489,-0.01744619406436631,0.00016750662515667108,-0.0025231816470909817,0.043196349812135604,0.07343513702946841,0.06740852599486438,0.03407082190688901,0.0570740042803306,0.058316843688526306,-0.044824952336843846,-0.08414763255068987,-0.08257073427579512,-0.004082977071446012,0.0245059948755557,0.0329116312145459,-0.033188482287640306,-0.060634792485215736,-0.05945463558283471,0.027086756677740582,0.046498625817405236,0.04188536476641708,0.25389896837702847,0.2613082472333283,-0.0007973821823263902,-0.012389838860900572,-0.2106401686918855,0.647558120439302,0.820152865411463,0.5649701833117312,0.8001667741922988,0.6660056467833839,1.0,0.6002326395586435,0.31884226733568843,0.11532981532898544,0.12095608067475595,0.04983562391949465,0.20889908427034376,-0.020833700226172928,0.2593628668486932
dbscan_companion_low_speed_wait_max_sec,0.0489507006315432,0.07378403165698828,-0.01660911344354172,-0.01783362554686558,-0.20270333148935815,-0.019502607573103105,0.004228485497948879,-0.22913458061790506,-0.12237814599515537,-0.01356902965662051,-0.02050302822257667,0.004917598071276368,0.29709113295436,0.282227563920407,0.32858279177873806,-0.01690871226950093,0.03220923054001426,0.013625823715945853,0.08872645089694796,0.2454714415035837,-0.03143181958043032,-0.08485996770643078,0.03169765942330515,0.10069998157934723,-0.09738489695350436,-0.04392126735398856,-0.03732068135085139,0.019594700177861694,0.08077817835556371,0.16347589909029392,-0.0147079000896686,0.050880679341026754,0.15438751478719034,-0.041452294228514264,-0.13587244861066403,-0.2325603286188205,-0.08188273138320988,-0.005419420840900464,0.04979581481481292,0.021066308828787066,-0.05297853922454145,-0.15831561917056455,0.06303595337459213,0.07646111781497762,0.06384913012205835,0.6882120808622707,0.6748968157821681,-0.009639948495875855,0.007089500028011508,-0.20739944335298238,0.93440218975983,0.6370019246604529,0.951102575175174,0.9070145874008244,0.9937878926358756,0.6002326395586435,1.0,0.5252232579742023,0.31444321504185996,0.40641783484676686,0.2231348278997468,0.44619632683699373,0.07043824984075778,0.529317088303754
dbscan_companion_male_ratio_2s_mean,0.08953885779234709,0.016246928761403465,-0.010708926811834186,-0.022993818086991993,0.008794667629547236,-0.028371117901939594,-0.014780210311028014,0.020951015088748852,0.08267634870435502,0.0034408784413202387,-0.02815125943154718,-0.015109181339117211,0.04443651355018347,0.044917114324597024,0.05973500258136201,-0.058619260191564715,0.06429924072241555,0.05787085828440907,0.0566045134869053,0.08635719397895257,0.012693619696130873,-0.053961940814435956,-0.028320425844673994,0.005285559125337789,-0.10478610313180087,-0.08720692891664893,-0.06356030805513299,-0.023124374866359997,0.005101181653229507,0.02852162858199265,-0.020767856820855815,0.0026041448652569933,0.03257610470688551,-0.03567709617783028,-0.061462152645585244,-0.09108441487741951,-0.08442744457476811,-0.059413893338561646,-0.02166121399473399,0.019756248776851833,-0.007876600526888355,-0.03848343386653853,0.06019631373820082,0.06092101479026243,0.07717361778704153,0.6549674485889388,0.6858835118088524,-0.023520403169275693,-0.014229581271584841,0.06740782999526089,0.5608913565378766,0.4112021662903346,0.5641412746761417,0.49517653974056663,0.5236082686146831,0.31884226733568843,0.5252232579742023,1.0,0.08822478661950384,0.1392054862211042,0.31783340559094214,0.38808959668014414,0.17937830203097235,0.5656509656319562
dbscan_companion_female_ratio_2s_mean,0.010304120084530027,-0.014632223494007475,-0.00969161929404256,-0.012736788485818766,0.050907542274586805,-0.028210239311331452,0.0005849512747028486,0.062651749134426,0.09199201830909293,-0.0019041912532885487,-0.028371315642765366,0.0007091276111684808,-0.029559043481569423,0.0047121333072088975,-0.002906446536120171,-0.04964291756333364,0.05439997102612086,0.048621927500431844,-0.026243691790883712,0.06913083713811773,-0.07100081174625242,-0.051446484901730066,-0.017753048134170654,0.007822676021435444,-0.03937948119211279,0.011749486487569426,-0.007305439692074122,0.03465904207253979,0.046422115654273566,0.09679526542601226,0.01590724449661595,0.029721905882685046,0.09485471583480495,-0.0392883720629506,-0.06199740149434037,-0.10589916869926129,-0.022581731316355363,0.03211949319706729,0.040490092613180984,-0.0026130073915009997,-0.02883361525051681,-0.09022843281802694,-0.040421309758797465,-0.02640176543737629,-0.028474450749269863,0.4635622705499319,0.4650802692231672,-0.00935582629269191,-0.005184218990267243,0.08820848339340852,0.3269567699196138,0.18575623283281914,0.34487223277177553,0.28337578407709524,0.30091322434939677,0.11532981532898544,0.31444321504185996,0.08822478661950384,1.0,0.19665568959086044,0.23877027962294198,0.43008985715111925,0.11290859581199451,0.22842511620769246
dbscan_companion_unknown_gender_ratio_2s_mean,-0.08237816335453568,0.1269109560120366,-0.01406032218088822,0.022186177858720714,-0.0311222702280062,-0.01858046099291108,0.03983665101491859,-0.028065505206304454,0.0449666912874833,0.004211513254911847,-0.018725182505434975,0.04101201406675657,0.08327431522059192,0.03858660468963722,0.07372448163607558,-0.17341674451451858,0.17913464829329329,0.16845756464134115,0.24395598914782615,0.27637843301713144,0.12594861356652207,-0.07468725317053672,0.061990357475262776,0.12258071008020821,-0.11350283447505985,-0.06956133395818817,-0.0694500052046506,-0.08372209122522224,-0.03445204809221828,0.03974778451363043,-0.11482376262701675,-0.053702142555892306,0.03671283152948074,0.056281752528835216,-0.03399844008019945,-0.13752052568594725,-0.14198391056374465,-0.07863134351911193,-0.0508221955369589,0.12333964001479496,0.05786617973511152,-0.03636221669168596,0.1219139901408272,0.12682357384051218,0.1241633765726023,0.6906692244963629,0.6301980964851477,-0.007835472212178906,0.055243577624184505,0.006502566154955069,0.3930584657670363,0.19993026481354967,0.4270248152619871,0.3700734369998892,0.38532140366717726,0.12095608067475595,0.40641783484676686,0.1392054862211042,0.19665568959086044,1.0,0.14920878063242082,0.3807646823970157,0.043635868909351866,0.6194904365135191
dbscan_companion_young_ratio_2s_mean,0.06124931990034585,0.023456768389118265,0.009693270648466314,-0.027307320964948426,0.04895857216288432,-0.020754772213476474,-0.03541865526681922,0.0707340556375383,0.08390966063262849,0.017645837267003295,-0.019759623596926738,-0.034963571890439256,-0.04654357005761359,-0.022840062341738656,-0.02534718364432797,-0.03242100165856664,0.0415256734564077,0.032529056333805526,-0.04525540906624152,-0.029924329109579734,-0.009406202356090302,-0.0648759905501042,-0.05174131908053008,-0.03894555634485777,-0.057781926941510665,-0.013567296364000744,-0.02066219805351674,-0.03182556836810995,-0.008234345383155437,0.009946051666317257,-0.03752835894439155,-0.01993046596104468,0.010952232959068655,0.02278541245330444,0.005810751325281927,-0.019504338956914252,-0.05838679958980922,-0.019334590058386284,-0.014364375827710534,0.048974901870428716,0.029025248994354578,-0.008355728143215762,-0.0016956868188761926,-0.021401473300734317,-0.008333373590347522,0.360767088621069,0.3719351149125016,-0.0178852191344618,-0.05263786376467163,0.12135319482478178,0.22274848035875733,0.10030529385975799,0.24255781362419926,0.1871536172814511,0.20760056178834743,0.04983562391949465,0.2231348278997468,0.31783340559094214,0.23877027962294198,0.14920878063242082,1.0,0.04998991908676308,0.10847505798472501,0.12151907927361033
dbscan_companion_adult_ratio_2s_mean,0.028646322916544623,-0.030049281630981552,-0.03167190431751053,-0.020730930575511473,0.01038620748799597,-0.02471097511705291,-0.010468839788125246,0.01811731609949604,0.07444187507070014,-0.015924437479778276,-0.025920837937458953,-0.009760346916704774,0.0407180256320048,0.027571385364536086,0.039335549281763256,-0.10248191652074723,0.104527660369705,0.10106884931832646,0.12090735796855331,0.22238009216473878,-0.011839576043287203,-0.016756093013070215,0.04384740733095833,0.06409135322381837,-0.07621471440141978,-0.03986599833002673,-0.018003348144305834,0.02411102161286585,0.06339139825409137,0.09788194633832331,0.015508926701644714,0.05126092739089672,0.09789028991262244,-0.0760846977465745,-0.1275614174852945,-0.17682313848045667,-0.047249682835175444,0.0011475843505294723,0.03976128650620086,-0.016663933056010438,-0.05984470446516193,-0.09982313955658467,0.054912483724934145,0.07520743974549857,0.08873370176461838,0.6124414966190184,0.6155604653787285,-0.02018717369702232,0.007515485416325627,0.05743219090591746,0.4689691386024075,0.30018016142761045,0.48251008671065143,0.4106630459551971,0.43742662104709007,0.20889908427034376,0.44619632683699373,0.38808959668014414,0.43008985715111925,0.3807646823970157,0.04998991908676308,1.0,0.06478068196940953,0.1465037481940856
dbscan_companion_old_ratio_2s_mean,-0.007227105553973258,-0.04763048845138606,-0.002710248890395076,0.003582733371639337,0.06913442767883234,-0.025209828537134688,0.01349268810505236,0.09038705368780131,0.10393304532075068,0.007359637621050147,-0.02529066804204365,0.012950253000392029,-0.068385126813592,-0.06033916859620963,-0.0644309803797953,-0.044372979651440075,0.0411195864649369,0.04449427584518246,-0.09789078237936708,-0.10740648661553974,-0.06293640952003796,0.017951088759037198,-0.05000324318292771,-0.05898429750986972,-0.0010309144041047015,-0.0053468332392522955,-0.0196935211831641,0.05614226687169574,0.026402189016220837,0.001246664727599414,0.0665368451683419,0.03493621142522346,0.019776934431850628,-0.059490932904295774,-0.008256384068504678,0.02343791686283813,0.029964187861483478,0.016647320967180013,-0.006395019458881265,-0.06625812929052677,-0.025127918285836045,-0.014622999729571755,-0.05872620351757609,-0.08742405591860296,-0.06627833055473631,0.1955137500623187,0.2049016436240902,-0.037548728179183435,0.012364384654340895,0.10224331954776618,0.07147278460313383,0.010887727135932874,0.08862213076899024,0.06464360056466777,0.05947621701895028,-0.020833700226172928,0.07043824984075778,0.17937830203097235,0.11290859581199451,0.043635868909351866,0.10847505798472501,0.06478068196940953,1.0,0.04858672381569502
dbscan_companion_unknown_age_ratio_2s_mean,-0.017163020812120997,0.11548469138787458,-0.010611243841508647,0.017693416824701932,-0.03596970400390706,-0.026840496839298608,0.0369760402104974,-0.031604425696639536,0.050643966812452354,0.011893058796818063,-0.026665649783455526,0.03748606440799254,0.09970829576812322,0.08129722663578083,0.11301895771880309,-0.11761235551491028,0.1248874327731885,0.11362857757720564,0.14621108335381436,0.1761935292058282,0.07909984396171664,-0.0978049840567432,-0.00717575726733158,0.07178126398986912,-0.12007511350031869,-0.09184150580111322,-0.09226374467533972,-0.07500225805609358,-0.03684084220349848,0.03218953281041744,-0.10062000443187191,-0.053981241457227214,0.03064497622825984,0.04093512257253543,-0.022688352796951014,-0.10785645803773443,-0.13490473359681618,-0.09147189154333504,-0.06073870677041714,0.10841413311452722,0.05473561284691249,-0.03348818323524423,0.09051320009348791,0.08430518024116947,0.08362685406978793,0.748610288891664,0.7219751095147531,-0.010374673746473951,0.04306535361328564,0.008210375988959424,0.5341786647891368,0.3471985632172609,0.5553148128358237,0.4907168204805355,0.5166867218978985,0.2593628668486932,0.529317088303754,0.5656509656319562,0.22842511620769246,0.6194904365135191,0.12151907927361033,0.1465037481940856,0.04858672381569502,1.0
