dataset,feature_name,horizon_sec,level,negative_count,positive_count,total_count,positive_rate,overall_training_fraction,rare_level_under_1_percent_or_50_rows
group_snapshot,location_id,1,BM,909,62,971,0.06385169927909372,0.2630723381197507,False
group_snapshot,location_id,1,BS,103,13,116,0.11206896551724138,0.03142779734489298,False
group_snapshot,location_id,1,FG,1480,181,1661,0.10897049969897651,0.4500135464643728,False
group_snapshot,location_id,1,ITC,127,15,142,0.1056338028169014,0.038471958818748306,False
group_snapshot,location_id,1,JG,169,3,172,0.01744186046511628,0.04659983744242752,False
group_snapshot,location_id,1,KB,587,42,629,0.06677265500794913,0.17041452180980765,False
group_snapshot,location_id,2,BM,853,118,971,0.121524201853759,0.2630723381197507,False
group_snapshot,location_id,2,BS,94,22,116,0.1896551724137931,0.03142779734489298,False
group_snapshot,location_id,2,FG,1347,314,1661,0.18904274533413606,0.4500135464643728,False
group_snapshot,location_id,2,ITC,114,28,142,0.19718309859154928,0.038471958818748306,False
group_snapshot,location_id,2,JG,167,5,172,0.029069767441860465,0.04659983744242752,False
group_snapshot,location_id,2,KB,503,126,629,0.20031796502384738,0.17041452180980765,False
group_snapshot,location_id,3,BM,826,145,971,0.14933058702368693,0.2630723381197507,False
group_snapshot,location_id,3,BS,87,29,116,0.25,0.03142779734489298,False
group_snapshot,location_id,3,FG,1283,378,1661,0.2275737507525587,0.4500135464643728,False
group_snapshot,location_id,3,ITC,100,42,142,0.29577464788732394,0.038471958818748306,False
group_snapshot,location_id,3,JG,165,7,172,0.040697674418604654,0.04659983744242752,False
group_snapshot,location_id,3,KB,460,169,629,0.2686804451510334,0.17041452180980765,False
group_snapshot,traffic_period,1,off_peak,568,23,591,0.038917089678511,0.16011920888648062,False
group_snapshot,traffic_period,1,peak,2807,293,3100,0.09451612903225806,0.8398807911135193,False
group_snapshot,traffic_period,2,off_peak,519,72,591,0.1218274111675127,0.16011920888648062,False
group_snapshot,traffic_period,2,peak,2559,541,3100,0.17451612903225808,0.8398807911135193,False
group_snapshot,traffic_period,3,off_peak,487,104,591,0.17597292724196278,0.16011920888648062,False
group_snapshot,traffic_period,3,peak,2434,666,3100,0.21483870967741936,0.8398807911135193,False
group_snapshot,veh1_present,1,0,140,17,157,0.10828025477707007,0.04253589813058792,False
group_snapshot,veh1_present,1,1,3235,299,3534,0.08460667798528579,0.9574641018694121,False
group_snapshot,veh1_present,2,0,130,27,157,0.17197452229299362,0.04253589813058792,False
group_snapshot,veh1_present,2,1,2948,586,3534,0.1658177702320317,0.9574641018694121,False
group_snapshot,veh1_present,3,0,124,33,157,0.21019108280254778,0.04253589813058792,False
group_snapshot,veh1_present,3,1,2797,737,3534,0.20854555744199207,0.9574641018694121,False
group_snapshot,veh1_ttc_infinite,1,0,1560,128,1688,0.07582938388625593,0.4573286372256841,False
group_snapshot,veh1_ttc_infinite,1,1,1815,188,2003,0.09385921118322517,0.5426713627743159,False
group_snapshot,veh1_ttc_infinite,2,0,1444,244,1688,0.14454976303317535,0.4573286372256841,False
group_snapshot,veh1_ttc_infinite,2,1,1634,369,2003,0.18422366450324512,0.5426713627743159,False
group_snapshot,veh1_ttc_infinite,3,0,1378,310,1688,0.18364928909952608,0.4573286372256841,False
group_snapshot,veh1_ttc_infinite,3,1,1543,460,2003,0.22965551672491263,0.5426713627743159,False
group_snapshot,veh1_class,1,0,24,2,26,0.07692307692307693,0.007044161473855324,True
group_snapshot,veh1_class,1,1,452,44,496,0.08870967741935484,0.1343809265781631,False
group_snapshot,veh1_class,1,10,159,13,172,0.0755813953488372,0.04659983744242752,False
group_snapshot,veh1_class,1,11,9,0,9,0.0,0.002438363587103766,True
group_snapshot,veh1_class,1,13,14,2,16,0.125,0.004334868599295584,True
group_snapshot,veh1_class,1,2,43,4,47,0.0851063829787234,0.012733676510430777,True
group_snapshot,veh1_class,1,3,124,6,130,0.046153846153846156,0.035220807369276616,False
group_snapshot,veh1_class,1,4,16,1,17,0.058823529411764705,0.004605797886751558,True
group_snapshot,veh1_class,1,5,233,18,251,0.07171314741035857,0.06800325115144946,False
group_snapshot,veh1_class,1,6,3,0,3,0.0,0.000812787862367922,True
group_snapshot,veh1_class,1,7,627,70,697,0.10043041606886657,0.18883771335681387,False
group_snapshot,veh1_class,1,8,145,19,164,0.11585365853658537,0.044432403142779735,False
group_snapshot,veh1_class,1,9,1386,120,1506,0.0796812749003984,0.4080195069086968,False
group_snapshot,veh1_class,1,missing,140,17,157,0.10828025477707007,0.04253589813058792,False
group_snapshot,veh1_class,2,0,21,5,26,0.19230769230769232,0.007044161473855324,True
group_snapshot,veh1_class,2,1,397,99,496,0.19959677419354838,0.1343809265781631,False
group_snapshot,veh1_class,2,10,140,32,172,0.18604651162790697,0.04659983744242752,False
group_snapshot,veh1_class,2,11,9,0,9,0.0,0.002438363587103766,True
group_snapshot,veh1_class,2,13,9,7,16,0.4375,0.004334868599295584,True
group_snapshot,veh1_class,2,2,39,8,47,0.1702127659574468,0.012733676510430777,True
group_snapshot,veh1_class,2,3,111,19,130,0.14615384615384616,0.035220807369276616,False
group_snapshot,veh1_class,2,4,15,2,17,0.11764705882352941,0.004605797886751558,True
group_snapshot,veh1_class,2,5,217,34,251,0.13545816733067728,0.06800325115144946,False
group_snapshot,veh1_class,2,6,3,0,3,0.0,0.000812787862367922,True
group_snapshot,veh1_class,2,7,575,122,697,0.1750358680057389,0.18883771335681387,False
group_snapshot,veh1_class,2,8,131,33,164,0.20121951219512196,0.044432403142779735,False
group_snapshot,veh1_class,2,9,1281,225,1506,0.14940239043824702,0.4080195069086968,False
group_snapshot,veh1_class,2,missing,130,27,157,0.17197452229299362,0.04253589813058792,False
group_snapshot,veh1_class,3,0,20,6,26,0.23076923076923078,0.007044161473855324,True
group_snapshot,veh1_class,3,1,371,125,496,0.25201612903225806,0.1343809265781631,False
group_snapshot,veh1_class,3,10,128,44,172,0.2558139534883721,0.04659983744242752,False
group_snapshot,veh1_class,3,11,9,0,9,0.0,0.002438363587103766,True
group_snapshot,veh1_class,3,13,7,9,16,0.5625,0.004334868599295584,True
group_snapshot,veh1_class,3,2,38,9,47,0.19148936170212766,0.012733676510430777,True
group_snapshot,veh1_class,3,3,103,27,130,0.2076923076923077,0.035220807369276616,False
group_snapshot,veh1_class,3,4,14,3,17,0.17647058823529413,0.004605797886751558,True
group_snapshot,veh1_class,3,5,206,45,251,0.17928286852589642,0.06800325115144946,False
group_snapshot,veh1_class,3,6,3,0,3,0.0,0.000812787862367922,True
group_snapshot,veh1_class,3,7,553,144,697,0.2065997130559541,0.18883771335681387,False
group_snapshot,veh1_class,3,8,121,43,164,0.2621951219512195,0.044432403142779735,False
group_snapshot,veh1_class,3,9,1224,282,1506,0.18725099601593626,0.4080195069086968,False
group_snapshot,veh1_class,3,missing,124,33,157,0.21019108280254778,0.04253589813058792,False
group_snapshot,veh2_present,1,0,316,43,359,0.11977715877437325,0.09726361419669466,False
group_snapshot,veh2_present,1,1,3059,273,3332,0.0819327731092437,0.9027363858033053,False
group_snapshot,veh2_present,2,0,289,70,359,0.19498607242339833,0.09726361419669466,False
group_snapshot,veh2_present,2,1,2789,543,3332,0.16296518607442978,0.9027363858033053,False
group_snapshot,veh2_present,3,0,269,90,359,0.25069637883008355,0.09726361419669466,False
group_snapshot,veh2_present,3,1,2652,680,3332,0.20408163265306123,0.9027363858033053,False
group_snapshot,veh2_ttc_infinite,1,0,1571,114,1685,0.06765578635014836,0.4565158493633162,False
group_snapshot,veh2_ttc_infinite,1,1,1804,202,2006,0.10069790628115653,0.5434841506366839,False
group_snapshot,veh2_ttc_infinite,2,0,1469,216,1685,0.1281899109792285,0.4565158493633162,False
group_snapshot,veh2_ttc_infinite,2,1,1609,397,2006,0.19790628115653042,0.5434841506366839,False
group_snapshot,veh2_ttc_infinite,3,0,1416,269,1685,0.15964391691394658,0.4565158493633162,False
group_snapshot,veh2_ttc_infinite,3,1,1505,501,2006,0.2497507477567298,0.5434841506366839,False
group_snapshot,veh2_class,1,0,13,1,14,0.07142857142857142,0.003793010024383636,True
group_snapshot,veh2_class,1,1,655,49,704,0.06960227272727272,0.1907342183690057,False
group_snapshot,veh2_class,1,10,176,14,190,0.07368421052631578,0.05147656461663506,False
group_snapshot,veh2_class,1,11,30,1,31,0.03225806451612903,0.008398807911135195,True
group_snapshot,veh2_class,1,13,38,1,39,0.02564102564102564,0.010566242210782985,True
group_snapshot,veh2_class,1,2,83,3,86,0.03488372093023256,0.02329991872121376,False
group_snapshot,veh2_class,1,3,114,6,120,0.05,0.03251151449471688,False
group_snapshot,veh2_class,1,5,188,13,201,0.06467661691542288,0.05445678677865077,False
group_snapshot,veh2_class,1,6,2,0,2,0.0,0.000541858574911948,True
group_snapshot,veh2_class,1,7,720,65,785,0.08280254777070063,0.2126794906529396,False
group_snapshot,veh2_class,1,8,147,17,164,0.10365853658536585,0.044432403142779735,False
group_snapshot,veh2_class,1,9,893,103,996,0.10341365461847389,0.2698455703061501,False
group_snapshot,veh2_class,1,missing,316,43,359,0.11977715877437325,0.09726361419669466,False
group_snapshot,veh2_class,2,0,11,3,14,0.21428571428571427,0.003793010024383636,True
group_snapshot,veh2_class,2,1,610,94,704,0.13352272727272727,0.1907342183690057,False
group_snapshot,veh2_class,2,10,160,30,190,0.15789473684210525,0.05147656461663506,False
group_snapshot,veh2_class,2,11,28,3,31,0.0967741935483871,0.008398807911135195,True
group_snapshot,veh2_class,2,13,36,3,39,0.07692307692307693,0.010566242210782985,True
group_snapshot,veh2_class,2,2,73,13,86,0.1511627906976744,0.02329991872121376,False
group_snapshot,veh2_class,2,3,102,18,120,0.15,0.03251151449471688,False
group_snapshot,veh2_class,2,5,158,43,201,0.21393034825870647,0.05445678677865077,False
group_snapshot,veh2_class,2,6,2,0,2,0.0,0.000541858574911948,True
group_snapshot,veh2_class,2,7,647,138,785,0.17579617834394903,0.2126794906529396,False
group_snapshot,veh2_class,2,8,137,27,164,0.16463414634146342,0.044432403142779735,False
group_snapshot,veh2_class,2,9,825,171,996,0.1716867469879518,0.2698455703061501,False
group_snapshot,veh2_class,2,missing,289,70,359,0.19498607242339833,0.09726361419669466,False
group_snapshot,veh2_class,3,0,10,4,14,0.2857142857142857,0.003793010024383636,True
group_snapshot,veh2_class,3,1,582,122,704,0.17329545454545456,0.1907342183690057,False
group_snapshot,veh2_class,3,10,149,41,190,0.21578947368421053,0.05147656461663506,False
group_snapshot,veh2_class,3,11,28,3,31,0.0967741935483871,0.008398807911135195,True
group_snapshot,veh2_class,3,13,34,5,39,0.1282051282051282,0.010566242210782985,True
group_snapshot,veh2_class,3,2,66,20,86,0.23255813953488372,0.02329991872121376,False
group_snapshot,veh2_class,3,3,99,21,120,0.175,0.03251151449471688,False
group_snapshot,veh2_class,3,5,144,57,201,0.2835820895522388,0.05445678677865077,False
group_snapshot,veh2_class,3,6,2,0,2,0.0,0.000541858574911948,True
group_snapshot,veh2_class,3,7,616,169,785,0.21528662420382166,0.2126794906529396,False
group_snapshot,veh2_class,3,8,129,35,164,0.21341463414634146,0.044432403142779735,False
group_snapshot,veh2_class,3,9,793,203,996,0.20381526104417672,0.2698455703061501,False
group_snapshot,veh2_class,3,missing,269,90,359,0.25069637883008355,0.09726361419669466,False
group_snapshot,veh3_present,1,0,521,56,577,0.09705372616984402,0.156326198862097,False
group_snapshot,veh3_present,1,1,2854,260,3114,0.08349389852280026,0.843673801137903,False
group_snapshot,veh3_present,2,0,476,101,577,0.17504332755632582,0.156326198862097,False
group_snapshot,veh3_present,2,1,2602,512,3114,0.16441875401412973,0.843673801137903,False
group_snapshot,veh3_present,3,0,448,129,577,0.22357019064124783,0.156326198862097,False
group_snapshot,veh3_present,3,1,2473,641,3114,0.20584457289659602,0.843673801137903,False
group_snapshot,veh3_ttc_infinite,1,0,1521,106,1627,0.06515058389674247,0.4408019506908697,False
group_snapshot,veh3_ttc_infinite,1,1,1854,210,2064,0.10174418604651163,0.5591980493091303,False
group_snapshot,veh3_ttc_infinite,2,0,1431,196,1627,0.12046711739397664,0.4408019506908697,False
group_snapshot,veh3_ttc_infinite,2,1,1647,417,2064,0.20203488372093023,0.5591980493091303,False
group_snapshot,veh3_ttc_infinite,3,0,1380,247,1627,0.15181315304240933,0.4408019506908697,False
group_snapshot,veh3_ttc_infinite,3,1,1541,523,2064,0.25339147286821706,0.5591980493091303,False
group_snapshot,veh3_class,1,0,11,1,12,0.08333333333333333,0.003251151449471688,True
group_snapshot,veh3_class,1,1,673,54,727,0.07427785419532325,0.1969655919804931,False
group_snapshot,veh3_class,1,10,199,11,210,0.05238095238095238,0.056895150365754536,False
group_snapshot,veh3_class,1,11,16,0,16,0.0,0.004334868599295584,True
group_snapshot,veh3_class,1,13,33,2,35,0.05714285714285714,0.00948252506095909,True
group_snapshot,veh3_class,1,2,36,2,38,0.05263157894736842,0.010295312923327011,True
group_snapshot,veh3_class,1,3,146,16,162,0.09876543209876543,0.043890544567867784,False
group_snapshot,veh3_class,1,5,62,3,65,0.046153846153846156,0.017610403684638308,False
group_snapshot,veh3_class,1,6,1,0,1,0.0,0.000270929287455974,True
group_snapshot,veh3_class,1,7,1070,89,1159,0.07679033649698015,0.31400704416147385,False
group_snapshot,veh3_class,1,8,50,2,52,0.038461538461538464,0.014088322947710648,False
group_snapshot,veh3_class,1,9,557,80,637,0.12558869701726844,0.17258195610945543,False
group_snapshot,veh3_class,1,missing,521,56,577,0.09705372616984402,0.156326198862097,False
group_snapshot,veh3_class,2,0,11,1,12,0.08333333333333333,0.003251151449471688,True
group_snapshot,veh3_class,2,1,607,120,727,0.16506189821182943,0.1969655919804931,False
group_snapshot,veh3_class,2,10,185,25,210,0.11904761904761904,0.056895150365754536,False
group_snapshot,veh3_class,2,11,16,0,16,0.0,0.004334868599295584,True
group_snapshot,veh3_class,2,13,32,3,35,0.08571428571428572,0.00948252506095909,True
group_snapshot,veh3_class,2,2,35,3,38,0.07894736842105263,0.010295312923327011,True
group_snapshot,veh3_class,2,3,135,27,162,0.16666666666666666,0.043890544567867784,False
group_snapshot,veh3_class,2,5,57,8,65,0.12307692307692308,0.017610403684638308,False
group_snapshot,veh3_class,2,6,1,0,1,0.0,0.000270929287455974,True
group_snapshot,veh3_class,2,7,976,183,1159,0.15789473684210525,0.31400704416147385,False
group_snapshot,veh3_class,2,8,44,8,52,0.15384615384615385,0.014088322947710648,False
group_snapshot,veh3_class,2,9,503,134,637,0.21036106750392464,0.17258195610945543,False
group_snapshot,veh3_class,2,missing,476,101,577,0.17504332755632582,0.156326198862097,False
group_snapshot,veh3_class,3,0,10,2,12,0.16666666666666666,0.003251151449471688,True
group_snapshot,veh3_class,3,1,576,151,727,0.2077028885832187,0.1969655919804931,False
group_snapshot,veh3_class,3,10,182,28,210,0.13333333333333333,0.056895150365754536,False
group_snapshot,veh3_class,3,11,16,0,16,0.0,0.004334868599295584,True
group_snapshot,veh3_class,3,13,29,6,35,0.17142857142857143,0.00948252506095909,True
group_snapshot,veh3_class,3,2,29,9,38,0.23684210526315788,0.010295312923327011,True
group_snapshot,veh3_class,3,3,129,33,162,0.2037037037037037,0.043890544567867784,False
group_snapshot,veh3_class,3,5,54,11,65,0.16923076923076924,0.017610403684638308,False
group_snapshot,veh3_class,3,6,1,0,1,0.0,0.000270929287455974,True
group_snapshot,veh3_class,3,7,929,230,1159,0.1984469370146678,0.31400704416147385,False
group_snapshot,veh3_class,3,8,43,9,52,0.17307692307692307,0.014088322947710648,False
group_snapshot,veh3_class,3,9,475,162,637,0.2543171114599686,0.17258195610945543,False
group_snapshot,veh3_class,3,missing,448,129,577,0.22357019064124783,0.156326198862097,False
