dataset,categorical_feature,numeric_feature,correlation_ratio_eta_squared,pairwise_nonmissing_n,review_flag_eta2_ge_0p50,automatic_deletion
individual,veh3_ttc_infinite,veh3_ttc_capped_sec,0.9731284894758611,28139,True,False
individual,veh2_ttc_infinite,veh2_ttc_capped_sec,0.9707883386524162,28139,True,False
individual,veh1_ttc_infinite,veh1_ttc_capped_sec,0.9672018646302446,28139,True,False
individual,veh3_class,veh3_history_observed_fraction,0.8124977900644376,28139,True,False
individual,veh3_present,veh3_history_observed_fraction,0.800636707951198,28139,True,False
individual,veh2_class,veh2_history_observed_fraction,0.7043810981100449,28139,True,False
individual,veh2_present,veh2_history_observed_fraction,0.6993452844506228,28139,True,False
individual,veh3_class,veh2_history_observed_fraction,0.5479053526350062,28139,True,False
individual,veh3_present,veh2_history_observed_fraction,0.5460971590536614,28139,True,False
individual,veh1_class,veh1_history_observed_fraction,0.5029703489416635,28139,True,False
individual,veh2_class,veh3_history_observed_fraction,0.5022940655850101,28139,True,False
individual,veh1_ttc_infinite,veh1_history_front_y_change_m,0.4867543494719502,26792,False,False
individual,veh1_present,veh1_history_observed_fraction,0.4853330495174523,28139,False,False
individual,veh2_ttc_infinite,veh2_history_front_y_change_m,0.48457884953976255,25253,False,False
individual,veh3_ttc_infinite,veh3_closing_speed_mps,0.4816164272365488,23634,False,False
individual,veh1_ttc_infinite,veh1_closing_speed_mps,0.4807795297461768,26792,False,False
individual,veh2_present,veh3_history_observed_fraction,0.4800221544887287,28139,False,False
individual,veh3_ttc_infinite,veh3_history_front_y_change_m,0.47653121237640317,23634,False,False
individual,veh2_ttc_infinite,veh2_closing_speed_mps,0.47361575189584004,25253,False,False
individual,veh3_ttc_infinite,veh3_speed_mps,0.46988981943061814,23455,False,False
individual,veh2_ttc_infinite,veh2_speed_mps,0.44994673322069934,25003,False,False
individual,veh1_ttc_infinite,veh1_speed_mps,0.448829383331189,26557,False,False
individual,traffic_period,veh1_history_mean_front_y_m,0.44076073151913214,26792,False,False
individual,traffic_period,veh2_history_mean_front_y_m,0.41598546494218036,25253,False,False
individual,veh2_ttc_infinite,veh1_ttc_capped_sec,0.40666307641285837,28139,False,False
individual,veh1_ttc_infinite,veh2_ttc_capped_sec,0.40179718079576915,28139,False,False
individual,traffic_period,veh3_history_mean_front_y_m,0.38791380451277124,23634,False,False
individual,location_id,active_vehicle_count,0.3874003371179102,28139,False,False
individual,veh3_ttc_infinite,veh2_ttc_capped_sec,0.38487312226664444,28139,False,False
individual,traffic_period,veh3_front_y_m,0.3706106827180294,23634,False,False
individual,veh2_ttc_infinite,veh3_ttc_capped_sec,0.36510306757815,28139,False,False
individual,veh2_class,veh1_history_observed_fraction,0.36343573118674927,28139,False,False
individual,traffic_period,veh1_front_y_m,0.36328004643729017,26792,False,False
individual,veh2_present,veh1_history_observed_fraction,0.35844276121297697,28139,False,False
individual,veh1_ttc_infinite,stopped_vehicle_count,0.34547944240631484,28139,False,False
individual,traffic_period,veh2_front_y_m,0.34476483042670764,25253,False,False
individual,veh3_class,active_vehicle_count,0.34427232861509577,28139,False,False
individual,veh1_class,veh2_history_observed_fraction,0.3360725409088253,28139,False,False
individual,veh1_ttc_infinite,veh2_history_front_y_change_m,0.3332421408358387,25253,False,False
individual,veh3_class,veh1_history_observed_fraction,0.3306844385636537,28139,False,False
individual,veh1_ttc_infinite,veh2_speed_mps,0.3305395633773403,25003,False,False
individual,veh3_present,veh1_history_observed_fraction,0.329121405664336,28139,False,False
individual,veh1_ttc_infinite,veh2_closing_speed_mps,0.328570557497616,25253,False,False
individual,traffic_period,veh1_speed_mps,0.3231229827985483,26557,False,False
individual,traffic_period,veh1_history_front_y_change_m,0.31551880779809316,26792,False,False
individual,veh2_ttc_infinite,stopped_vehicle_count,0.3114282644361058,28139,False,False
individual,traffic_period,veh1_closing_speed_mps,0.311186769374434,26792,False,False
individual,veh3_ttc_infinite,approaching_vehicle_count,0.3103713690646381,28139,False,False
individual,veh2_ttc_infinite,veh3_speed_mps,0.3093935034886234,23455,False,False
individual,veh1_present,veh2_history_observed_fraction,0.3076598075416119,28139,False,False
individual,veh2_ttc_infinite,veh3_closing_speed_mps,0.3024816464146809,23634,False,False
individual,veh2_ttc_infinite,veh3_history_front_y_change_m,0.2943895414027538,23634,False,False
individual,veh3_class,veh1_speed_mps,0.28563507146392586,26557,False,False
individual,veh3_class,veh1_history_mean_front_y_m,0.28144106917132145,26792,False,False
individual,veh3_present,active_vehicle_count,0.2802369986720342,28139,False,False
individual,traffic_period,veh2_history_front_y_change_m,0.2782912691006556,25253,False,False
individual,veh3_class,veh1_closing_speed_mps,0.27310956781067086,26792,False,False
individual,traffic_period,veh2_speed_mps,0.26884794917213356,25003,False,False
individual,traffic_period,veh2_closing_speed_mps,0.2674417405733249,25253,False,False
individual,veh2_class,active_vehicle_count,0.25797896131162457,28139,False,False
individual,location_id,stopped_vehicle_count,0.25527189127816413,28139,False,False
individual,veh1_ttc_infinite,veh3_speed_mps,0.24917875523494884,23455,False,False
individual,veh1_class,veh3_history_observed_fraction,0.24624064417529368,28139,False,False
individual,veh1_ttc_infinite,veh3_closing_speed_mps,0.2437433640277457,23634,False,False
individual,traffic_period,active_vehicle_count,0.2437429429810966,28139,False,False
individual,location_id,veh3_lateral_x_m,0.238171653589319,23634,False,False
individual,veh3_class,veh1_front_y_m,0.23461026407971386,26792,False,False
individual,veh3_class,veh2_history_mean_front_y_m,0.23007406730541946,25253,False,False
individual,veh1_ttc_infinite,veh3_history_front_y_change_m,0.22724984412266605,23634,False,False
individual,veh3_ttc_infinite,stopped_vehicle_count,0.21554827999713208,28139,False,False
individual,veh2_ttc_infinite,veh1_history_front_y_change_m,0.21510441029534055,26792,False,False
individual,veh1_present,veh3_history_observed_fraction,0.21117397507259422,28139,False,False
individual,veh3_class,veh1_history_front_y_change_m,0.20848445946100505,26792,False,False
individual,veh1_ttc_infinite,veh1_history_mean_front_y_m,0.20304440654389952,26792,False,False
individual,location_id,approaching_vehicle_count,0.20242971959283107,28139,False,False
individual,veh3_class,veh2_front_y_m,0.201398967584654,25253,False,False
individual,veh3_class,veh3_front_y_m,0.19924009942602808,23634,False,False
individual,veh2_ttc_infinite,veh3_history_mean_front_y_m,0.19292472611958278,23634,False,False
individual,veh2_ttc_infinite,veh2_history_mean_front_y_m,0.19146867527362127,25253,False,False
individual,veh1_ttc_infinite,veh3_history_mean_front_y_m,0.18346701866640203,23634,False,False
individual,veh3_class,veh3_ttc_capped_sec,0.18310772139347306,28139,False,False
individual,veh2_ttc_infinite,approaching_vehicle_count,0.18310617088183312,28139,False,False
individual,veh3_present,veh1_speed_mps,0.18166591000020965,26557,False,False
individual,veh2_ttc_infinite,veh1_speed_mps,0.18163610223028556,26557,False,False
individual,veh2_present,active_vehicle_count,0.18103574192328428,28139,False,False
individual,veh3_class,veh2_speed_mps,0.18062686544367462,25003,False,False
individual,veh3_class,veh2_closing_speed_mps,0.17938035379306813,25253,False,False
individual,veh2_ttc_infinite,veh1_closing_speed_mps,0.17748301170954772,26792,False,False
individual,veh3_class,stopped_vehicle_count,0.17680936778070996,28139,False,False
individual,veh1_ttc_infinite,veh2_history_mean_front_y_m,0.17367070662509942,25253,False,False
individual,veh3_ttc_infinite,veh1_ttc_capped_sec,0.17354432829832034,28139,False,False
individual,veh3_class,veh3_history_mean_front_y_m,0.1732591672083833,23634,False,False
individual,veh2_class,veh1_history_mean_front_y_m,0.16801641963684155,26792,False,False
individual,veh3_present,veh1_closing_speed_mps,0.16725693457794727,26792,False,False
individual,veh3_present,veh1_history_mean_front_y_m,0.1665420436617926,26792,False,False
individual,veh1_ttc_infinite,veh3_ttc_capped_sec,0.15946561252709254,28139,False,False
individual,veh1_class,active_vehicle_count,0.158507286927242,28139,False,False
individual,veh3_class,veh3_lateral_x_m,0.1564124685208667,23634,False,False
individual,veh3_present,veh3_ttc_capped_sec,0.15423550566837896,28139,False,False
individual,veh2_class,veh1_lateral_x_m,0.15419799349015034,26792,False,False
individual,veh1_ttc_infinite,active_vehicle_count,0.15375388204747978,28139,False,False
individual,veh3_class,approaching_vehicle_count,0.1505742644715104,28139,False,False
individual,traffic_period,veh3_history_observed_fraction,0.15015652190753281,28139,False,False
individual,veh3_present,veh1_front_y_m,0.1493099122203297,26792,False,False
individual,veh3_ttc_infinite,veh2_history_front_y_change_m,0.1462688518539434,25253,False,False
individual,veh2_class,veh1_front_y_m,0.14584586779726819,26792,False,False
individual,veh3_present,approaching_vehicle_count,0.14136928259928924,28139,False,False
individual,veh2_class,approaching_vehicle_count,0.1411280552554601,28139,False,False
individual,veh2_class,veh1_speed_mps,0.13988182899319407,26557,False,False
individual,veh2_class,veh1_closing_speed_mps,0.13560282171667046,26792,False,False
individual,veh3_class,veh2_history_front_y_change_m,0.13515343637904523,25253,False,False
individual,veh3_class,veh1_lateral_x_m,0.1340578259022874,26792,False,False
individual,veh3_ttc_infinite,veh3_history_mean_front_y_m,0.1335565337227628,23634,False,False
individual,traffic_period,stopped_vehicle_count,0.12978971228670366,28139,False,False
individual,location_id,veh2_lateral_x_m,0.12952619362259374,25253,False,False
individual,veh2_class,stopped_vehicle_count,0.12645773075092104,28139,False,False
individual,veh3_class,veh2_lateral_x_m,0.12381661962866565,25253,False,False
individual,location_id,veh3_speed_mps,0.12288677285834643,23455,False,False
individual,veh2_class,veh3_ttc_capped_sec,0.12211055900207103,28139,False,False
individual,location_id,veh2_history_observed_fraction,0.11910381271598872,28139,False,False
individual,veh2_class,veh2_front_y_m,0.11880756349284724,25253,False,False
individual,veh3_present,veh2_history_mean_front_y_m,0.11643846143669545,25253,False,False
individual,veh3_ttc_infinite,veh2_speed_mps,0.11370651940021063,25003,False,False
individual,veh1_ttc_infinite,veh3_front_y_m,0.11299138076257653,23634,False,False
individual,veh2_class,veh2_ttc_capped_sec,0.11206154428897536,28139,False,False
individual,veh3_present,stopped_vehicle_count,0.1120367143733688,28139,False,False
individual,veh2_class,veh2_history_mean_front_y_m,0.111130365846518,25253,False,False
individual,location_id,veh3_history_observed_fraction,0.10934832144692626,28139,False,False
individual,veh3_present,veh2_front_y_m,0.10934354464218347,25253,False,False
individual,veh3_ttc_infinite,veh2_closing_speed_mps,0.108790345488101,25253,False,False
individual,veh2_ttc_infinite,veh3_front_y_m,0.10813983673025433,23634,False,False
individual,location_id,veh3_closing_speed_mps,0.10813248254590553,23634,False,False
individual,veh1_ttc_infinite,veh1_front_y_m,0.10549382635258132,26792,False,False
individual,veh1_class,veh3_ttc_capped_sec,0.10217315817053778,28139,False,False
individual,location_id,veh3_ttc_capped_sec,0.10108749025909554,28139,False,False
individual,veh3_present,veh2_speed_mps,0.09977624886560672,25003,False,False
individual,veh2_present,approaching_vehicle_count,0.09910949515567373,28139,False,False
individual,veh2_class,veh1_history_front_y_change_m,0.0985793429736234,26792,False,False
individual,traffic_period,veh2_history_observed_fraction,0.09847937708239471,28139,False,False
individual,veh1_ttc_infinite,veh2_front_y_m,0.09829356598818556,25253,False,False
individual,traffic_period,veh3_speed_mps,0.09687370221735878,23455,False,False
individual,veh3_present,veh2_closing_speed_mps,0.09645539724565834,25253,False,False
individual,veh1_class,stopped_vehicle_count,0.09560331150906333,28139,False,False
individual,veh2_ttc_infinite,veh1_history_mean_front_y_m,0.09554035664868145,26792,False,False
individual,traffic_period,dbscan_history_mean_spread_m,0.09461361571886538,28139,False,False
individual,location_id,veh1_history_observed_fraction,0.09455136752682786,28139,False,False
individual,location_id,veh3_history_front_y_change_m,0.09370157130437236,23634,False,False
individual,veh1_class,approaching_vehicle_count,0.09357869085322301,28139,False,False
individual,veh2_ttc_infinite,veh2_front_y_m,0.092585580389248,25253,False,False
individual,veh2_present,veh3_ttc_capped_sec,0.09247197760773493,28139,False,False
individual,traffic_period,veh3_closing_speed_mps,0.09213574231105728,23634,False,False
individual,traffic_period,veh3_history_front_y_change_m,0.0910049260409886,23634,False,False
individual,veh2_present,veh2_ttc_capped_sec,0.09080515424531585,28139,False,False
individual,veh3_ttc_infinite,veh3_history_observed_fraction,0.08955057947188881,28139,False,False
individual,location_id,current_x_m,0.08930123743273963,28139,False,False
individual,veh1_present,active_vehicle_count,0.08565003696619128,28139,False,False
individual,veh2_class,veh2_lateral_x_m,0.08555458804217311,25253,False,False
individual,location_id,dbscan_companion_unknown_gender_ratio_2s_mean,0.0854149050010807,28139,False,False
individual,veh3_present,veh1_history_front_y_change_m,0.08504541173418478,26792,False,False
individual,traffic_period,dbscan_history_mean_group_size,0.08377970554333118,28139,False,False
individual,location_id,veh1_lateral_x_m,0.08372708063281864,26792,False,False
individual,veh3_present,veh1_lateral_x_m,0.08226313834285262,26792,False,False
individual,veh2_class,veh3_front_y_m,0.07880799876830173,23634,False,False
individual,veh2_present,veh1_speed_mps,0.0785829710279561,26557,False,False
individual,traffic_period,approaching_vehicle_count,0.07528103990710877,28139,False,False
individual,veh3_class,veh2_ttc_capped_sec,0.07176221924290646,28139,False,False
individual,veh2_present,veh1_closing_speed_mps,0.07153131832908309,26792,False,False
individual,veh1_class,veh1_front_y_m,0.0708928793125484,26792,False,False
individual,traffic_period,veh1_history_observed_fraction,0.07003932658208092,28139,False,False
individual,veh2_present,veh1_lateral_x_m,0.06943291603359467,26792,False,False
individual,veh3_class,veh1_ttc_capped_sec,0.06892974804916085,28139,False,False
individual,veh2_present,stopped_vehicle_count,0.06826047533173998,28139,False,False
individual,traffic_period,veh1_lateral_x_m,0.06781320506714013,26792,False,False
individual,traffic_period,veh1_ttc_capped_sec,0.06779267966649541,28139,False,False
individual,veh2_class,veh3_history_mean_front_y_m,0.06715671357591803,23634,False,False
individual,veh1_class,veh1_lateral_x_m,0.06532096654283241,26792,False,False
individual,veh1_class,veh1_history_mean_front_y_m,0.06480749041337888,26792,False,False
individual,veh1_class,veh1_ttc_capped_sec,0.061851424323277164,28139,False,False
individual,location_id,dbscan_history_mean_speed_mps,0.060706684718458415,28139,False,False
individual,veh2_ttc_infinite,active_vehicle_count,0.060619430923873736,28139,False,False
individual,traffic_period,dbscan_companion_unknown_age_ratio_2s_mean,0.0605150999059126,28139,False,False
individual,veh1_class,veh2_ttc_capped_sec,0.06027209989508622,28139,False,False
individual,location_id,veh2_speed_mps,0.05967968698985755,25003,False,False
individual,location_id,window_low_speed_fraction,0.05891412347692327,28139,False,False
individual,veh3_ttc_infinite,veh2_history_observed_fraction,0.05602933000990311,28139,False,False
individual,veh1_ttc_infinite,approaching_vehicle_count,0.05601005384328002,28139,False,False
individual,veh2_ttc_infinite,veh1_front_y_m,0.05149453346967753,26792,False,False
individual,veh1_class,veh2_front_y_m,0.05107268637142967,25253,False,False
individual,veh3_ttc_infinite,veh1_history_front_y_change_m,0.05023608983342541,26792,False,False
individual,veh1_present,approaching_vehicle_count,0.05020561057421833,28139,False,False
individual,location_id,veh2_ttc_capped_sec,0.04934358340098852,28139,False,False
individual,veh1_class,veh2_history_mean_front_y_m,0.0478990396252214,25253,False,False
individual,veh2_present,veh1_history_mean_front_y_m,0.046989533724215306,26792,False,False
individual,location_id,history_mean_speed_mps,0.04419387536199945,28139,False,False
individual,veh3_present,veh2_history_front_y_change_m,0.04387162393787934,25253,False,False
individual,veh2_class,dbscan_companion_unknown_gender_ratio_2s_mean,0.04381909520931815,28139,False,False
individual,location_id,veh1_speed_mps,0.04237478038181899,26557,False,False
individual,location_id,dbscan_companion_low_speed_fraction,0.0418849548072008,28139,False,False
individual,location_id,veh3_history_mean_front_y_m,0.04086697367115676,23634,False,False
individual,veh1_present,veh3_ttc_capped_sec,0.04068077881748651,28139,False,False
individual,veh3_ttc_infinite,veh3_front_y_m,0.040617062233142785,23634,False,False
individual,location_id,dbscan_companion_wait_max_sec,0.04029828314308138,28139,False,False
individual,veh1_present,veh2_ttc_capped_sec,0.03994750075543368,28139,False,False
individual,veh2_present,veh1_front_y_m,0.039877700227550994,26792,False,False
individual,veh1_present,veh1_ttc_capped_sec,0.03923213192277497,28139,False,False
individual,location_id,dbscan_companion_unknown_age_ratio_2s_mean,0.038968910259351,28139,False,False
individual,veh3_ttc_infinite,dbscan_history_mean_spread_m,0.03891723349473625,28139,False,False
individual,location_id,dbscan_companion_male_ratio_2s_mean,0.03722004379458679,28139,False,False
individual,location_id,veh2_closing_speed_mps,0.03702640424373529,25253,False,False
individual,veh1_class,veh3_history_mean_front_y_m,0.03665265760263993,23634,False,False
individual,location_id,distance_to_crossing_line_m,0.036271940712424997,28139,False,False
individual,veh2_ttc_infinite,veh2_history_observed_fraction,0.03613291570134655,28139,False,False
individual,veh3_ttc_infinite,dbscan_history_mean_group_size,0.035793549498256756,28139,False,False
individual,veh1_class,veh3_front_y_m,0.035223098658219744,23634,False,False
individual,traffic_period,dbscan_companion_male_ratio_2s_mean,0.034401989453211004,28139,False,False
individual,traffic_period,veh2_lateral_x_m,0.03421717252287406,25253,False,False
individual,location_id,dbscan_history_mean_spread_m,0.03405823536629489,28139,False,False
individual,location_id,dbscan_companion_low_speed_wait_max_sec,0.033975536696814385,28139,False,False
individual,location_id,veh1_front_y_m,0.03293574632685065,26792,False,False
individual,veh2_class,veh2_history_front_y_change_m,0.031673930562211204,25253,False,False
individual,traffic_period,dbscan_companion_unknown_gender_ratio_2s_mean,0.031309728517445956,28139,False,False
individual,veh3_class,dbscan_companion_unknown_gender_ratio_2s_mean,0.031189297717683185,28139,False,False
individual,gender,dbscan_companion_unknown_gender_ratio_2s_mean,0.031181254146290607,28139,False,False
individual,veh2_present,veh1_history_front_y_change_m,0.031018155977135007,26792,False,False
individual,location_id,waiting_band_dwell_sec,0.03070779897291883,28139,False,False
individual,location_id,veh2_front_y_m,0.030674940110790923,25253,False,False
individual,veh3_ttc_infinite,veh1_history_observed_fraction,0.030605734201313538,28139,False,False
individual,veh1_present,stopped_vehicle_count,0.030487421525912262,28139,False,False
individual,veh3_ttc_infinite,veh1_lateral_x_m,0.030323615375727593,26792,False,False
individual,veh2_class,dbscan_history_mean_spread_m,0.030212203749392878,28139,False,False
individual,location_id,dbscan_history_mean_group_size,0.03020497584787398,28139,False,False
individual,location_id,dbscan_companion_wait_mean_sec,0.030147572085543497,28139,False,False
individual,veh3_ttc_infinite,veh2_history_mean_front_y_m,0.02987302442988634,25253,False,False
individual,veh2_class,veh3_lateral_x_m,0.0295747531700252,23634,False,False
individual,veh2_class,dbscan_history_mean_group_size,0.02946362495938032,28139,False,False
individual,location_id,veh2_history_front_y_change_m,0.0291462363059572,25253,False,False
individual,veh2_ttc_infinite,veh2_lateral_x_m,0.029038204621192294,25253,False,False
individual,veh1_class,veh3_history_front_y_change_m,0.02895807287067478,23634,False,False
individual,veh1_class,veh3_speed_mps,0.028876004522065474,23455,False,False
individual,location_id,veh2_history_mean_front_y_m,0.028562716332283265,25253,False,False
individual,veh3_class,dbscan_history_mean_spread_m,0.028524226752182753,28139,False,False
individual,veh2_class,veh2_closing_speed_mps,0.02839942905714808,25253,False,False
individual,veh1_ttc_infinite,veh1_lateral_x_m,0.028237027328361156,26792,False,False
individual,veh2_class,dbscan_companion_wait_max_sec,0.02789432863615209,28139,False,False
individual,veh2_class,dbscan_companion_low_speed_wait_max_sec,0.027884061767391333,28139,False,False
individual,veh3_class,dbscan_companion_wait_max_sec,0.027727802038599703,28139,False,False
individual,age_group,active_vehicle_count,0.027716790998874592,28139,False,False
individual,location_id,veh1_history_mean_front_y_m,0.027390067515997204,26792,False,False
individual,veh1_class,dbscan_companion_unknown_gender_ratio_2s_mean,0.02725044603594071,28139,False,False
individual,veh1_class,veh3_closing_speed_mps,0.027028216359644607,23634,False,False
individual,location_id,veh3_front_y_m,0.02673399627294977,23634,False,False
individual,location_id,waiting_low_speed_time_sec,0.026624183359011025,28139,False,False
individual,veh1_class,veh1_closing_speed_mps,0.026471998151010503,26792,False,False
individual,veh3_class,dbscan_companion_low_speed_wait_max_sec,0.02636281175815318,28139,False,False
individual,veh1_ttc_infinite,veh3_history_observed_fraction,0.026279135821456828,28139,False,False
individual,veh3_class,dbscan_history_mean_group_size,0.02627510708753824,28139,False,False
individual,veh2_class,veh2_speed_mps,0.026269921062046217,25003,False,False
individual,veh2_class,veh1_ttc_capped_sec,0.026218573643903058,28139,False,False
individual,location_id,history_observed_fraction,0.026207433904573564,28139,False,False
individual,location_id,veh1_ttc_capped_sec,0.026086275743631374,28139,False,False
individual,veh3_present,dbscan_companion_unknown_gender_ratio_2s_mean,0.026004242491071278,28139,False,False
individual,age_group,approaching_vehicle_count,0.025912639489259315,28139,False,False
individual,gender,current_x_m,0.025897398592979202,28139,False,False
individual,age_group,veh2_history_observed_fraction,0.025725342064059603,28139,False,False
individual,veh3_ttc_infinite,window_low_speed_fraction,0.025397462036908985,28139,False,False
individual,gender,dbscan_history_mean_group_size,0.025128137886053,28139,False,False
individual,age_group,veh3_history_observed_fraction,0.024958145269445557,28139,False,False
individual,location_id,current_speed_mps,0.02473863591417407,28139,False,False
individual,location_id,dbscan_companion_young_ratio_2s_mean,0.024734500656335395,28139,False,False
individual,veh3_ttc_infinite,veh1_speed_mps,0.02465894690879383,26557,False,False
individual,location_id,veh1_closing_speed_mps,0.02446301445700455,26792,False,False
individual,veh1_class,veh1_history_front_y_change_m,0.024301169932318404,26792,False,False
individual,veh3_class,veh3_speed_mps,0.024151007620713864,23455,False,False
individual,veh1_class,veh2_lateral_x_m,0.02411530050940629,25253,False,False
individual,veh1_class,veh1_speed_mps,0.02410332569032708,26557,False,False
individual,veh3_ttc_infinite,dbscan_companion_low_speed_fraction,0.023950765500554548,28139,False,False
individual,location_id,dbscan_companion_low_speed_wait_mean_sec,0.023861106206936735,28139,False,False
individual,veh2_ttc_infinite,veh3_lateral_x_m,0.02378751528793031,23634,False,False
individual,age_group,dbscan_companion_adult_ratio_2s_mean,0.02375688510715514,28139,False,False
individual,veh2_class,dbscan_companion_unknown_age_ratio_2s_mean,0.023752540147437308,28139,False,False
individual,veh3_ttc_infinite,veh1_closing_speed_mps,0.023557038875920002,26792,False,False
individual,veh2_class,dbscan_companion_wait_mean_sec,0.023294414728414585,28139,False,False
individual,location_id,dbscan_companion_adult_ratio_2s_mean,0.023292432420639782,28139,False,False
individual,veh2_class,dbscan_companion_low_speed_wait_mean_sec,0.02320184581200641,28139,False,False
individual,veh1_class,dbscan_companion_low_speed_wait_max_sec,0.02313615571392936,28139,False,False
individual,veh1_class,dbscan_companion_wait_max_sec,0.02307907142476382,28139,False,False
individual,veh3_class,dbscan_companion_wait_mean_sec,0.023057470840923765,28139,False,False
individual,veh3_present,veh2_lateral_x_m,0.02288615022224115,25253,False,False
individual,veh3_class,dbscan_companion_unknown_age_ratio_2s_mean,0.022776964238284705,28139,False,False
individual,traffic_period,veh2_ttc_capped_sec,0.022672722520757173,28139,False,False
individual,veh1_class,waiting_low_speed_time_sec,0.022648650124887825,28139,False,False
individual,veh3_ttc_infinite,dbscan_companion_adult_ratio_2s_mean,0.022603514442346404,28139,False,False
individual,veh3_class,dbscan_companion_male_ratio_2s_mean,0.022579448627000447,28139,False,False
individual,veh3_class,veh3_closing_speed_mps,0.022235075147557678,23634,False,False
individual,veh1_class,waiting_band_dwell_sec,0.021731735952897537,28139,False,False
individual,location_id,history_interpolated_fraction,0.021623574337726652,28139,False,False
individual,veh3_class,dbscan_companion_low_speed_wait_mean_sec,0.02128730104456813,28139,False,False
individual,veh1_class,window_low_speed_fraction,0.02126452196286487,28139,False,False
individual,gender,dbscan_companion_female_ratio_2s_mean,0.02103263395393084,28139,False,False
individual,veh1_class,dbscan_history_mean_group_size,0.020683153285841683,28139,False,False
individual,traffic_period,dbscan_companion_low_speed_fraction,0.02067410611214051,28139,False,False
individual,veh1_class,veh2_speed_mps,0.020577530402738645,25003,False,False
individual,location_id,history_max_unobserved_gap_sec,0.020398587508969807,28139,False,False
individual,veh2_class,dbscan_companion_low_speed_fraction,0.0202767079524081,28139,False,False
individual,veh1_class,dbscan_companion_wait_mean_sec,0.02022055754853479,28139,False,False
individual,age_group,veh1_history_observed_fraction,0.020170534145673148,28139,False,False
individual,traffic_period,dbscan_companion_wait_max_sec,0.019871254925919027,28139,False,False
individual,veh2_class,window_low_speed_fraction,0.01977339660596426,28139,False,False
individual,veh2_class,waiting_low_speed_time_sec,0.01976981927446987,28139,False,False
individual,age_group,veh1_speed_mps,0.019491818600582474,26557,False,False
individual,veh1_class,veh2_closing_speed_mps,0.019479267827779385,25253,False,False
individual,veh1_class,dbscan_companion_low_speed_wait_mean_sec,0.019301884194272013,28139,False,False
individual,age_group,veh1_closing_speed_mps,0.01923457169432493,26792,False,False
individual,veh2_class,waiting_band_dwell_sec,0.018856414034591634,28139,False,False
individual,veh2_class,dbscan_history_mean_speed_mps,0.018768383181793212,28139,False,False
individual,veh1_class,dbscan_history_mean_spread_m,0.01876365926517719,28139,False,False
individual,veh3_class,dbscan_companion_low_speed_fraction,0.01865636739801861,28139,False,False
individual,veh1_ttc_infinite,current_x_m,0.018599096348675133,28139,False,False
individual,veh2_class,veh3_history_front_y_change_m,0.018239131233587523,23634,False,False
individual,veh2_class,veh3_speed_mps,0.01811509171103732,23455,False,False
individual,gender,veh1_speed_mps,0.018078207200145868,26557,False,False
individual,veh2_class,veh3_closing_speed_mps,0.017552799468246477,23634,False,False
individual,veh3_class,current_x_m,0.0174357372262889,28139,False,False
individual,veh2_present,dbscan_companion_unknown_gender_ratio_2s_mean,0.0173990433436131,28139,False,False
individual,veh3_class,veh3_history_front_y_change_m,0.017161395265769423,23634,False,False
individual,veh3_present,veh2_ttc_capped_sec,0.017115511745760897,28139,False,False
individual,location_id,dbscan_companion_female_ratio_2s_mean,0.01705429957742151,28139,False,False
individual,veh2_class,dbscan_companion_male_ratio_2s_mean,0.017003125308003377,28139,False,False
individual,veh3_ttc_infinite,dbscan_companion_unknown_gender_ratio_2s_mean,0.016887142508192704,28139,False,False
individual,gender,veh1_closing_speed_mps,0.016799580791091333,26792,False,False
individual,location_id,dbscan_companion_wait_min_sec,0.016673826421830115,28139,False,False
individual,veh1_class,veh2_history_front_y_change_m,0.016537619071697575,25253,False,False
individual,traffic_period,veh3_lateral_x_m,0.01619094353021475,23634,False,False
individual,veh2_class,dbscan_companion_low_speed_wait_min_sec,0.016121797000719734,28139,False,False
individual,veh2_class,dbscan_companion_wait_min_sec,0.015843527966014192,28139,False,False
individual,veh1_class,dbscan_companion_low_speed_fraction,0.015271372963513736,28139,False,False
individual,veh2_class,current_x_m,0.015071620242157734,28139,False,False
individual,gender,history_interpolated_fraction,0.015033417940789627,28139,False,False
individual,veh1_class,dbscan_history_mean_speed_mps,0.014995713259885881,28139,False,False
individual,veh2_ttc_infinite,dbscan_companion_adult_ratio_2s_mean,0.01489544241430148,28139,False,False
individual,veh1_class,veh3_lateral_x_m,0.014810817831805568,23634,False,False
individual,traffic_period,dbscan_companion_low_speed_wait_max_sec,0.014762241486946999,28139,False,False
individual,age_group,veh2_closing_speed_mps,0.014668670509300891,25253,False,False
individual,gender,history_observed_fraction,0.014505024401866832,28139,False,False
individual,age_group,veh2_speed_mps,0.014491558114766942,25003,False,False
individual,veh2_class,distance_to_crossing_line_m,0.014486709528261631,28139,False,False
individual,age_group,veh1_history_front_y_change_m,0.014401505729143794,26792,False,False
individual,veh3_class,dbscan_companion_wait_min_sec,0.014097151155713153,28139,False,False
individual,location_id,dbscan_companion_low_speed_wait_min_sec,0.014076685456635974,28139,False,False
individual,veh3_ttc_infinite,dbscan_companion_wait_max_sec,0.014042260562928056,28139,False,False
individual,gender,dbscan_history_mean_spread_m,0.014008399435297227,28139,False,False
individual,veh3_ttc_infinite,veh3_lateral_x_m,0.013980936889015482,23634,False,False
individual,veh1_class,dbscan_companion_wait_min_sec,0.013850316277820827,28139,False,False
individual,veh2_class,history_mean_speed_mps,0.013745643122250364,28139,False,False
individual,veh3_class,dbscan_companion_adult_ratio_2s_mean,0.01373471161461045,28139,False,False
individual,veh3_class,dbscan_companion_low_speed_wait_min_sec,0.013665208888463645,28139,False,False
individual,veh3_present,dbscan_history_mean_spread_m,0.013589031921910395,28139,False,False
individual,veh1_class,dbscan_companion_low_speed_wait_min_sec,0.013220521006498261,28139,False,False
individual,gender,veh1_history_front_y_change_m,0.013044136606432931,26792,False,False
individual,veh1_ttc_infinite,history_speed_std_mps,0.013028389936115088,28139,False,False
individual,gender,approaching_vehicle_count,0.012916587131817633,28139,False,False
individual,traffic_period,dbscan_history_mean_speed_mps,0.012621418753432178,28139,False,False
individual,veh3_present,dbscan_history_mean_group_size,0.01248133095408363,28139,False,False
individual,veh3_class,waiting_low_speed_time_sec,0.012468956554315949,28139,False,False
individual,veh3_class,waiting_band_dwell_sec,0.012353100266918866,28139,False,False
individual,veh1_class,history_mean_speed_mps,0.012281110574623218,28139,False,False
individual,veh2_class,dbscan_companion_adult_ratio_2s_mean,0.012234994194146243,28139,False,False
individual,age_group,current_x_m,0.012140448510789935,28139,False,False
individual,veh2_ttc_infinite,window_low_speed_fraction,0.01194858535571788,28139,False,False
individual,veh1_class,current_x_m,0.0116799386958942,28139,False,False
individual,veh1_class,dbscan_companion_unknown_age_ratio_2s_mean,0.011652996693596807,28139,False,False
individual,veh3_present,dbscan_companion_unknown_age_ratio_2s_mean,0.011309020586409502,28139,False,False
individual,veh3_present,dbscan_companion_low_speed_fraction,0.011207892351813799,28139,False,False
individual,gender,veh3_history_observed_fraction,0.01119140086941424,28139,False,False
individual,gender,distance_to_crossing_line_m,0.011121730456514637,28139,False,False
individual,age_group,dbscan_companion_young_ratio_2s_mean,0.011073724815559955,28139,False,False
individual,veh3_class,distance_to_crossing_line_m,0.01102581116074956,28139,False,False
individual,veh3_ttc_infinite,dbscan_companion_low_speed_wait_max_sec,0.010851226554055444,28139,False,False
individual,gender,active_vehicle_count,0.010829845176371972,28139,False,False
individual,gender,history_max_unobserved_gap_sec,0.010799961375187668,28139,False,False
individual,veh2_ttc_infinite,dbscan_companion_low_speed_fraction,0.010775252704331266,28139,False,False
individual,veh3_present,veh1_ttc_capped_sec,0.010437846203900217,28139,False,False
individual,veh1_class,distance_to_crossing_line_m,0.010227150565507909,28139,False,False
individual,veh3_class,history_observed_fraction,0.010059825523160081,28139,False,False
individual,veh1_class,dbscan_companion_male_ratio_2s_mean,0.009989544499539583,28139,False,False
individual,veh3_class,dbscan_history_mean_speed_mps,0.009898955038879468,28139,False,False
individual,veh1_class,dbscan_companion_young_ratio_2s_mean,0.00988481296735061,28139,False,False
individual,veh2_class,dbscan_companion_young_ratio_2s_mean,0.009884783340856823,28139,False,False
individual,veh2_ttc_infinite,dbscan_history_mean_spread_m,0.00981845419975415,28139,False,False
individual,age_group,dbscan_companion_unknown_gender_ratio_2s_mean,0.009810648169335698,28139,False,False
individual,veh3_class,window_low_speed_fraction,0.009752236437563755,28139,False,False
individual,veh3_present,dbscan_companion_adult_ratio_2s_mean,0.009750902424964502,28139,False,False
individual,veh1_class,dbscan_companion_old_ratio_2s_mean,0.00973224558812818,28139,False,False
individual,veh2_present,dbscan_companion_low_speed_fraction,0.009672906219775691,28139,False,False
individual,traffic_period,dbscan_companion_wait_mean_sec,0.00966390699474022,28139,False,False
individual,location_id,veh1_history_front_y_change_m,0.009560849225506434,26792,False,False
individual,gender,veh3_ttc_capped_sec,0.00948605993014155,28139,False,False
individual,gender,waiting_band_dwell_sec,0.009333883591932459,28139,False,False
individual,veh2_ttc_infinite,current_x_m,0.009216062659098185,28139,False,False
individual,gender,veh2_speed_mps,0.009200331566572082,25003,False,False
individual,veh3_class,history_interpolated_fraction,0.009181727688479961,28139,False,False
individual,veh1_class,dbscan_companion_adult_ratio_2s_mean,0.009165208086263572,28139,False,False
individual,gender,waiting_low_speed_time_sec,0.008947433612976782,28139,False,False
individual,gender,veh2_closing_speed_mps,0.008763653560155288,25253,False,False
individual,gender,dbscan_companion_unknown_age_ratio_2s_mean,0.008607638845812268,28139,False,False
individual,age_group,distance_to_crossing_line_m,0.008355890177807978,28139,False,False
individual,veh2_class,history_speed_std_mps,0.008348056014302262,28139,False,False
individual,veh3_present,distance_to_crossing_line_m,0.008331175655142353,28139,False,False
individual,veh3_class,history_mean_speed_mps,0.008328415249000543,28139,False,False
individual,veh3_class,history_max_unobserved_gap_sec,0.008325530851639397,28139,False,False
individual,gender,veh2_history_observed_fraction,0.008304190372984067,28139,False,False
individual,location_id,dbscan_companion_old_ratio_2s_mean,0.008303694039240849,28139,False,False
individual,gender,stopped_vehicle_count,0.008298296415495612,28139,False,False
individual,veh2_present,dbscan_companion_unknown_age_ratio_2s_mean,0.008282442267195314,28139,False,False
individual,veh3_ttc_infinite,veh2_front_y_m,0.0082593852426693,25253,False,False
individual,veh1_class,history_observed_fraction,0.008206418799627116,28139,False,False
individual,veh1_class,history_interpolated_fraction,0.00819612383049906,28139,False,False
individual,age_group,veh1_ttc_capped_sec,0.00818992724456054,28139,False,False
individual,veh1_ttc_infinite,distance_to_crossing_line_m,0.008172455055176945,28139,False,False
individual,gender,veh3_speed_mps,0.00816499093342747,23455,False,False
individual,veh2_present,dbscan_history_mean_spread_m,0.008113178984635028,28139,False,False
individual,gender,dbscan_companion_male_ratio_2s_mean,0.00802710052271456,28139,False,False
individual,gender,veh1_ttc_capped_sec,0.007826313332866054,28139,False,False
individual,age_group,dbscan_companion_wait_max_sec,0.0077380702439091295,28139,False,False
individual,veh1_present,waiting_low_speed_time_sec,0.007722892202982456,28139,False,False
individual,age_group,veh2_history_front_y_change_m,0.007651144820955576,25253,False,False
individual,location_id,history_speed_std_mps,0.007612936732589626,28139,False,False
individual,veh2_class,history_interpolated_fraction,0.007585876654174143,28139,False,False
individual,age_group,dbscan_history_mean_group_size,0.007499470060170032,28139,False,False
individual,veh2_ttc_infinite,history_speed_std_mps,0.007489678186231263,28139,False,False
individual,gender,veh3_closing_speed_mps,0.007457568464150616,23634,False,False
individual,veh1_ttc_infinite,veh2_history_observed_fraction,0.007438024560328878,28139,False,False
individual,veh2_class,history_observed_fraction,0.007429769841742349,28139,False,False
individual,traffic_period,dbscan_companion_young_ratio_2s_mean,0.007383556838460052,28139,False,False
individual,gender,veh1_history_mean_front_y_m,0.007348368715378004,26792,False,False
individual,age_group,dbscan_companion_low_speed_wait_max_sec,0.007080316874921272,28139,False,False
individual,veh1_present,waiting_band_dwell_sec,0.0069800401386210156,28139,False,False
individual,veh1_present,dbscan_companion_unknown_gender_ratio_2s_mean,0.006965949678412174,28139,False,False
individual,traffic_period,dbscan_companion_low_speed_wait_mean_sec,0.006909644193870796,28139,False,False
individual,veh2_present,dbscan_history_mean_group_size,0.0068234020325708715,28139,False,False
individual,age_group,veh2_lateral_x_m,0.006814206352318575,25253,False,False
individual,gender,dbscan_companion_adult_ratio_2s_mean,0.006713273131440362,28139,False,False
individual,veh3_present,dbscan_companion_wait_max_sec,0.006643612946557552,28139,False,False
individual,location_id,history_mean_vx_mps,0.006627026110790476,28139,False,False
individual,age_group,dbscan_history_mean_spread_m,0.006615799522432196,28139,False,False
individual,veh2_ttc_infinite,veh1_history_observed_fraction,0.006607966116037532,28139,False,False
individual,traffic_period,history_mean_speed_mps,0.006603201003178779,28139,False,False
individual,gender,veh1_history_observed_fraction,0.00659367598549217,28139,False,False
individual,veh3_ttc_infinite,dbscan_companion_unknown_age_ratio_2s_mean,0.006555329862464478,28139,False,False
individual,veh1_class,history_speed_std_mps,0.006506188238576089,28139,False,False
individual,age_group,dbscan_companion_unknown_age_ratio_2s_mean,0.006492462269433055,28139,False,False
individual,veh1_ttc_infinite,veh2_lateral_x_m,0.006309410848573817,25253,False,False
individual,age_group,veh3_ttc_capped_sec,0.006218223764398302,28139,False,False
individual,age_group,veh2_history_mean_front_y_m,0.00617767036028218,25253,False,False
individual,veh1_class,history_max_unobserved_gap_sec,0.00616527339910553,28139,False,False
individual,traffic_period,history_speed_std_mps,0.006163268737219199,28139,False,False
individual,veh1_ttc_infinite,dbscan_companion_unknown_gender_ratio_2s_mean,0.006131444458164447,28139,False,False
individual,age_group,stopped_vehicle_count,0.0061252808050544175,28139,False,False
individual,veh3_class,dbscan_companion_young_ratio_2s_mean,0.006087356318624625,28139,False,False
individual,veh1_ttc_infinite,dbscan_companion_adult_ratio_2s_mean,0.006045685136743617,28139,False,False
individual,veh3_present,dbscan_companion_low_speed_wait_max_sec,0.006034190690244206,28139,False,False
individual,location_id,history_x_displacement_m,0.005998705956382575,28139,False,False
individual,veh3_class,history_speed_std_mps,0.005979728289411053,28139,False,False
individual,location_id,dbscan_history_mean_vx_mps,0.005967802853693831,28139,False,False
individual,age_group,dbscan_companion_low_speed_fraction,0.005963658281649695,28139,False,False
individual,age_group,veh2_ttc_capped_sec,0.0059510534693515875,28139,False,False
individual,age_group,veh1_history_mean_front_y_m,0.00594428658198607,26792,False,False
individual,age_group,veh3_history_mean_front_y_m,0.00593676092182686,23634,False,False
individual,veh3_ttc_infinite,active_vehicle_count,0.005830505716838216,28139,False,False
individual,veh2_class,history_max_unobserved_gap_sec,0.005761432142873677,28139,False,False
individual,veh2_class,current_speed_mps,0.005739903117911223,28139,False,False
individual,gender,veh3_history_front_y_change_m,0.005695504404864696,23634,False,False
individual,age_group,veh3_front_y_m,0.005673707513000049,23634,False,False
individual,veh1_class,dbscan_history_mean_vy_mps,0.0056643557005567335,28139,False,False
individual,veh1_class,current_speed_mps,0.005633356182901844,28139,False,False
individual,gender,veh1_lateral_x_m,0.005559003720107411,26792,False,False
individual,traffic_period,dbscan_companion_adult_ratio_2s_mean,0.005552876945088465,28139,False,False
individual,age_group,window_low_speed_fraction,0.005527510822610101,28139,False,False
individual,veh3_ttc_infinite,dbscan_companion_wait_mean_sec,0.00548967950465224,28139,False,False
individual,traffic_period,veh3_ttc_capped_sec,0.005465484677733757,28139,False,False
individual,gender,veh2_history_front_y_change_m,0.005442292037545453,25253,False,False
individual,veh2_present,dbscan_companion_adult_ratio_2s_mean,0.005353785041710567,28139,False,False
individual,traffic_period,history_interpolated_fraction,0.005199874906396631,28139,False,False
individual,veh3_present,dbscan_companion_male_ratio_2s_mean,0.005088901816227453,28139,False,False
individual,gender,dbscan_companion_wait_min_sec,0.004918256718185469,28139,False,False
individual,veh2_present,distance_to_crossing_line_m,0.004904225863847383,28139,False,False
individual,age_group,dbscan_companion_wait_mean_sec,0.004892378851803893,28139,False,False
individual,veh2_present,waiting_low_speed_time_sec,0.00487699729044029,28139,False,False
individual,age_group,veh3_lateral_x_m,0.004876190459791936,23634,False,False
individual,gender,dbscan_companion_low_speed_wait_min_sec,0.004806897600777469,28139,False,False
individual,traffic_period,history_observed_fraction,0.004771550939001513,28139,False,False
individual,veh2_present,dbscan_companion_wait_max_sec,0.0047277471784053894,28139,False,False
individual,veh3_class,dbscan_companion_old_ratio_2s_mean,0.004725319709845911,28139,False,False
individual,age_group,veh3_speed_mps,0.004695839497582946,23455,False,False
individual,gender,veh1_front_y_m,0.004643547161398406,26792,False,False
individual,veh3_class,history_mean_vx_mps,0.004611856431403088,28139,False,False
individual,age_group,veh3_closing_speed_mps,0.004583436192425724,23634,False,False
individual,veh2_class,dbscan_companion_old_ratio_2s_mean,0.004567029391921241,28139,False,False
individual,veh3_present,current_x_m,0.00453995998393113,28139,False,False
individual,age_group,veh2_front_y_m,0.00451886553632963,25253,False,False
individual,veh1_class,history_mean_vy_mps,0.004508351748980124,28139,False,False
individual,age_group,dbscan_companion_low_speed_wait_mean_sec,0.004506372609202539,28139,False,False
individual,veh3_class,history_x_displacement_m,0.004504429981322268,28139,False,False
individual,veh2_present,waiting_band_dwell_sec,0.004419627262992128,28139,False,False
individual,veh2_class,dbscan_history_mean_vy_mps,0.0044061034501903604,28139,False,False
individual,veh2_ttc_infinite,dbscan_history_mean_group_size,0.004387684702815689,28139,False,False
individual,veh2_class,dbscan_history_mean_vx_mps,0.004308250924923387,28139,False,False
individual,veh2_class,current_vx_mps,0.004268428918650163,28139,False,False
individual,veh3_present,history_observed_fraction,0.004266823781115815,28139,False,False
individual,veh2_present,dbscan_companion_low_speed_wait_max_sec,0.004240703318433412,28139,False,False
individual,traffic_period,history_max_unobserved_gap_sec,0.004217390676908372,28139,False,False
individual,veh2_present,history_interpolated_fraction,0.004215706066224613,28139,False,False
individual,veh1_present,dbscan_companion_low_speed_fraction,0.00420833521875705,28139,False,False
individual,veh3_ttc_infinite,dbscan_companion_female_ratio_2s_mean,0.004199230703476002,28139,False,False
individual,veh1_class,history_y_displacement_m,0.004185833512112411,28139,False,False
individual,veh3_present,dbscan_companion_wait_mean_sec,0.004122192768080782,28139,False,False
individual,veh3_present,history_interpolated_fraction,0.0040854458476936705,28139,False,False
individual,gender,dbscan_companion_low_speed_wait_mean_sec,0.004037550623426068,28139,False,False
individual,veh1_present,dbscan_history_mean_spread_m,0.004024035368569421,28139,False,False
individual,veh2_present,history_observed_fraction,0.004013103642282955,28139,False,False
individual,veh2_class,dbscan_companion_female_ratio_2s_mean,0.003948198318146452,28139,False,False
individual,veh2_class,history_mean_vx_mps,0.003938598958785794,28139,False,False
individual,veh3_class,dbscan_history_mean_vx_mps,0.0039052550096947175,28139,False,False
individual,veh2_class,history_x_displacement_m,0.0038592761127162513,28139,False,False
individual,gender,dbscan_companion_wait_mean_sec,0.0038434920688340747,28139,False,False
individual,veh1_class,dbscan_companion_female_ratio_2s_mean,0.0038300207548196403,28139,False,False
individual,veh1_ttc_infinite,dbscan_companion_unknown_age_ratio_2s_mean,0.0037186873447710464,28139,False,False
individual,veh2_present,dbscan_companion_male_ratio_2s_mean,0.003697434284590531,28139,False,False
individual,age_group,veh1_lateral_x_m,0.003656237527209435,26792,False,False
individual,age_group,history_mean_speed_mps,0.0036554039852304816,28139,False,False
individual,veh3_ttc_infinite,dbscan_companion_low_speed_wait_mean_sec,0.003648009446369793,28139,False,False
individual,veh2_class,history_mean_vy_mps,0.0036418537102260746,28139,False,False
individual,location_id,dbscan_history_mean_vy_mps,0.003612055354697655,28139,False,False
individual,veh1_present,history_speed_std_mps,0.0036073633789875745,28139,False,False
individual,veh3_present,history_max_unobserved_gap_sec,0.003602502431254815,28139,False,False
individual,veh2_class,history_y_displacement_m,0.0035797481436678114,28139,False,False
individual,veh3_ttc_infinite,veh1_history_mean_front_y_m,0.0035669150313808666,26792,False,False
individual,veh3_present,dbscan_companion_low_speed_wait_mean_sec,0.003556708659043994,28139,False,False
individual,gender,dbscan_companion_low_speed_fraction,0.003446623128946332,28139,False,False
individual,gender,veh2_history_mean_front_y_m,0.0034008870088648754,25253,False,False
individual,location_id,history_mean_vy_mps,0.0033671889103913232,28139,False,False
individual,veh1_present,dbscan_companion_unknown_age_ratio_2s_mean,0.0033505956962151025,28139,False,False
individual,veh2_present,history_max_unobserved_gap_sec,0.003345551870266853,28139,False,False
individual,age_group,veh1_front_y_m,0.003253397109623493,26792,False,False
individual,veh1_present,dbscan_history_mean_group_size,0.00323037269182473,28139,False,False
individual,veh3_ttc_infinite,history_speed_std_mps,0.0032181177920576312,28139,False,False
individual,veh3_ttc_infinite,dbscan_companion_male_ratio_2s_mean,0.0031968603184213368,28139,False,False
individual,veh2_present,dbscan_companion_wait_mean_sec,0.0031885082845406723,28139,False,False
individual,veh1_ttc_infinite,veh3_lateral_x_m,0.0031620783553510372,23634,False,False
individual,gender,dbscan_companion_low_speed_wait_max_sec,0.003148426003166049,28139,False,False
individual,veh3_ttc_infinite,history_mean_speed_mps,0.0030976391361148114,28139,False,False
individual,location_id,history_y_displacement_m,0.003066690520730025,28139,False,False
individual,gender,dbscan_companion_wait_max_sec,0.003001008898977888,28139,False,False
individual,gender,veh3_lateral_x_m,0.0029865781576138136,23634,False,False
individual,veh3_class,current_speed_mps,0.002961038438587351,28139,False,False
individual,veh1_class,dbscan_history_mean_vx_mps,0.002952217272337178,28139,False,False
individual,age_group,dbscan_companion_male_ratio_2s_mean,0.002860223848916485,28139,False,False
individual,veh3_ttc_infinite,dbscan_history_mean_speed_mps,0.0028506046588663674,28139,False,False
individual,veh1_present,dbscan_companion_adult_ratio_2s_mean,0.002804774353310942,28139,False,False
individual,veh1_present,history_interpolated_fraction,0.0027840387902548034,28139,False,False
individual,veh2_present,dbscan_companion_low_speed_wait_mean_sec,0.0027814258777626075,28139,False,False
individual,traffic_period,current_x_m,0.0027724006404997613,28139,False,False
individual,veh3_class,current_vx_mps,0.0027639095076894384,28139,False,False
individual,veh3_present,dbscan_companion_old_ratio_2s_mean,0.0027123882641454356,28139,False,False
individual,traffic_period,dbscan_companion_wait_min_sec,0.002696438819127117,28139,False,False
individual,veh1_present,history_observed_fraction,0.0026452558552413036,28139,False,False
individual,gender,veh3_history_mean_front_y_m,0.002619268659019962,23634,False,False
individual,traffic_period,distance_to_crossing_line_m,0.0026014216493211863,28139,False,False
individual,location_id,history_vy_slope_mps2,0.00259245811151135,28139,False,False
individual,traffic_period,current_speed_mps,0.0025520870909466384,28139,False,False
individual,veh2_ttc_infinite,dbscan_companion_male_ratio_2s_mean,0.0025458253888140975,28139,False,False
individual,age_group,history_mean_vy_mps,0.0025137948528803087,28139,False,False
individual,age_group,dbscan_companion_low_speed_wait_min_sec,0.0025100313319491112,28139,False,False
individual,veh1_class,history_mean_vx_mps,0.002475785396610467,28139,False,False
individual,age_group,history_y_displacement_m,0.0024192903732487836,28139,False,False
individual,age_group,dbscan_companion_wait_min_sec,0.0023997860809610895,28139,False,False
individual,gender,veh3_front_y_m,0.0023884605421784803,23634,False,False
individual,gender,veh2_ttc_capped_sec,0.002368800303064799,28139,False,False
individual,veh1_class,history_x_displacement_m,0.0023659771603966166,28139,False,False
individual,age_group,dbscan_history_mean_speed_mps,0.002365074321542231,28139,False,False
individual,gender,dbscan_companion_old_ratio_2s_mean,0.002330244098494204,28139,False,False
individual,age_group,current_speed_mps,0.002303409028089817,28139,False,False
individual,veh2_ttc_infinite,dbscan_companion_wait_max_sec,0.002254638866569538,28139,False,False
individual,gender,veh2_front_y_m,0.0022452030327060933,25253,False,False
individual,veh1_class,current_vx_mps,0.002203803420671124,28139,False,False
individual,traffic_period,dbscan_companion_low_speed_wait_min_sec,0.0022023838188656233,28139,False,False
individual,veh1_present,dbscan_companion_male_ratio_2s_mean,0.0020865832732923023,28139,False,False
individual,veh3_present,waiting_low_speed_time_sec,0.00207667162340801,28139,False,False
individual,traffic_period,dbscan_companion_female_ratio_2s_mean,0.0020570848271111463,28139,False,False
individual,veh1_present,history_max_unobserved_gap_sec,0.0020543823585427268,28139,False,False
individual,veh3_ttc_infinite,history_observed_fraction,0.0020161369862799873,28139,False,False
individual,veh2_ttc_infinite,dbscan_companion_female_ratio_2s_mean,0.0019578347131409997,28139,False,False
individual,age_group,dbscan_history_mean_vy_mps,0.0019191369180092867,28139,False,False
individual,veh3_present,waiting_band_dwell_sec,0.0018997981626164776,28139,False,False
individual,age_group,dbscan_companion_female_ratio_2s_mean,0.0018893985620048275,28139,False,False
individual,veh1_present,dbscan_companion_wait_max_sec,0.001877783169413127,28139,False,False
individual,veh1_ttc_infinite,dbscan_companion_low_speed_fraction,0.0018506419510886038,28139,False,False
individual,veh1_ttc_infinite,dbscan_history_mean_vy_mps,0.001822140857048395,28139,False,False
individual,age_group,veh3_history_front_y_change_m,0.0018048360360299694,23634,False,False
individual,age_group,waiting_band_dwell_sec,0.0018047629521034789,28139,False,False
individual,veh2_present,history_speed_std_mps,0.001801425003866299,28139,False,False
individual,veh2_present,current_x_m,0.0017824099627080936,28139,False,False
individual,veh3_ttc_infinite,distance_to_crossing_line_m,0.001775623746050438,28139,False,False
individual,age_group,history_observed_fraction,0.0017128965959326166,28139,False,False
individual,veh2_ttc_infinite,veh3_history_observed_fraction,0.0016975197944626194,28139,False,False
individual,gender,dbscan_companion_young_ratio_2s_mean,0.0016709563044308231,28139,False,False
individual,veh2_ttc_infinite,dbscan_history_mean_vy_mps,0.0016542900609710818,28139,False,False
individual,veh2_ttc_infinite,dbscan_companion_wait_mean_sec,0.0016423838397205482,28139,False,False
individual,veh1_present,distance_to_crossing_line_m,0.001614846643821467,28139,False,False
individual,veh1_present,dbscan_companion_low_speed_wait_max_sec,0.0016127623717826524,28139,False,False
individual,veh3_present,dbscan_companion_wait_min_sec,0.0015946968238084894,28139,False,False
individual,veh3_class,dbscan_history_mean_vy_mps,0.0015879419712833882,28139,False,False
individual,veh3_ttc_infinite,history_interpolated_fraction,0.0015726515515773452,28139,False,False
individual,veh2_ttc_infinite,distance_to_crossing_line_m,0.0015654771438878,28139,False,False
individual,veh3_present,dbscan_companion_low_speed_wait_min_sec,0.0015387198970665112,28139,False,False
individual,veh3_class,dbscan_companion_female_ratio_2s_mean,0.0014961926656650866,28139,False,False
individual,veh1_present,history_mean_speed_mps,0.0014624071736544875,28139,False,False
individual,age_group,history_interpolated_fraction,0.0014583368664308333,28139,False,False
individual,veh3_ttc_infinite,history_max_unobserved_gap_sec,0.0014524460103842404,28139,False,False
individual,veh3_class,history_mean_vy_mps,0.001441535404223283,28139,False,False
individual,veh2_present,dbscan_companion_old_ratio_2s_mean,0.0014265056601766148,28139,False,False
individual,veh1_ttc_infinite,waiting_low_speed_time_sec,0.0014225121058618199,28139,False,False
individual,age_group,waiting_low_speed_time_sec,0.0014121091754886348,28139,False,False
individual,veh3_class,history_y_displacement_m,0.0014046394826579484,28139,False,False
individual,veh2_present,dbscan_companion_wait_min_sec,0.0013999694179510859,28139,False,False
individual,gender,dbscan_history_mean_speed_mps,0.0013927215231203988,28139,False,False
individual,veh1_ttc_infinite,dbscan_companion_female_ratio_2s_mean,0.0013802161078038477,28139,False,False
individual,veh1_ttc_infinite,window_low_speed_fraction,0.0013648010946529729,28139,False,False
individual,veh2_present,dbscan_companion_low_speed_wait_min_sec,0.001350231195042485,28139,False,False
individual,veh1_ttc_infinite,history_mean_vy_mps,0.0013484621579135016,28139,False,False
individual,veh2_ttc_infinite,history_mean_vy_mps,0.0013361172266053082,28139,False,False
individual,veh1_ttc_infinite,history_y_displacement_m,0.0013226969451070566,28139,False,False
individual,veh2_ttc_infinite,history_y_displacement_m,0.0013199002801627317,28139,False,False
individual,veh1_class,history_vy_slope_mps2,0.0013184766858804129,28139,False,False
individual,age_group,history_max_unobserved_gap_sec,0.0013107413579905582,28139,False,False
individual,veh1_present,dbscan_companion_wait_mean_sec,0.0013068812213524782,28139,False,False
individual,veh1_ttc_infinite,dbscan_companion_male_ratio_2s_mean,0.0012968961195568831,28139,False,False
individual,veh2_ttc_infinite,history_observed_fraction,0.0012451000366323003,28139,False,False
individual,veh2_ttc_infinite,history_max_unobserved_gap_sec,0.001225092743052945,28139,False,False
individual,veh3_present,history_speed_std_mps,0.0012239168730616976,28139,False,False
individual,gender,window_low_speed_fraction,0.001205879578158467,28139,False,False
individual,veh3_ttc_infinite,current_speed_mps,0.0011533118651824176,28139,False,False
individual,veh1_class,current_vy_mps,0.0011397987270795175,28139,False,False
individual,veh1_present,dbscan_companion_low_speed_wait_mean_sec,0.0011358840147006515,28139,False,False
individual,traffic_period,dbscan_history_mean_vy_mps,0.0010558134837693,28139,False,False
individual,traffic_period,window_low_speed_fraction,0.0010314033437404172,28139,False,False
individual,veh2_class,current_vy_mps,0.00101873484968461,28139,False,False
individual,veh3_ttc_infinite,dbscan_companion_old_ratio_2s_mean,0.0009780027730556342,28139,False,False
individual,traffic_period,history_mean_vy_mps,0.000957191915896433,28139,False,False
individual,veh2_ttc_infinite,dbscan_companion_low_speed_wait_max_sec,0.0009545913523275606,28139,False,False
individual,traffic_period,history_y_displacement_m,0.0009484049153525985,28139,False,False
individual,age_group,history_mean_vx_mps,0.0009117944691089165,28139,False,False
individual,veh1_present,current_x_m,0.0008525295261737523,28139,False,False
individual,age_group,history_x_displacement_m,0.0008381127774535722,28139,False,False
individual,veh1_ttc_infinite,current_speed_mps,0.0008158725056879633,28139,False,False
individual,age_group,history_speed_std_mps,0.000812994390436602,28139,False,False
individual,veh2_ttc_infinite,dbscan_companion_low_speed_wait_mean_sec,0.0007786267255999515,28139,False,False
individual,gender,history_mean_speed_mps,0.0007591885262095554,28139,False,False
individual,veh2_ttc_infinite,current_vx_mps,0.0007548069037070793,28139,False,False
individual,veh1_ttc_infinite,history_mean_speed_mps,0.0007394648722246207,28139,False,False
individual,gender,current_speed_mps,0.0007350923256931897,28139,False,False
individual,veh3_ttc_infinite,history_y_displacement_m,0.0007344375813904168,28139,False,False
individual,veh1_ttc_infinite,dbscan_history_mean_speed_mps,0.0007334754492368123,28139,False,False
individual,veh1_ttc_infinite,history_vy_slope_mps2,0.0007277127215849726,28139,False,False
individual,veh3_ttc_infinite,dbscan_history_mean_vy_mps,0.0007196693830216144,28139,False,False
individual,veh2_class,history_vy_slope_mps2,0.0007139240000399236,28139,False,False
individual,veh3_ttc_infinite,history_mean_vy_mps,0.0007082976634981509,28139,False,False
individual,veh3_ttc_infinite,dbscan_companion_wait_min_sec,0.0007019471737332212,28139,False,False
individual,age_group,dbscan_history_mean_vx_mps,0.0006948820705059676,28139,False,False
individual,location_id,current_vx_mps,0.0006926351813565145,28139,False,False
individual,veh1_present,dbscan_history_mean_speed_mps,0.0006750342651593559,28139,False,False
individual,veh2_ttc_infinite,waiting_low_speed_time_sec,0.0006533047136332551,28139,False,False
individual,veh1_ttc_infinite,waiting_band_dwell_sec,0.0006443000568916368,28139,False,False
individual,veh2_ttc_infinite,history_vy_slope_mps2,0.0006265030037433009,28139,False,False
individual,veh1_present,dbscan_companion_wait_min_sec,0.0006243802593583651,28139,False,False
individual,veh1_present,dbscan_companion_low_speed_wait_min_sec,0.0006038745044661415,28139,False,False
individual,veh1_present,dbscan_companion_old_ratio_2s_mean,0.0006028317254693132,28139,False,False
individual,veh1_ttc_infinite,dbscan_history_mean_spread_m,0.0005915673610827202,28139,False,False
individual,veh2_ttc_infinite,dbscan_history_mean_speed_mps,0.000590515363343271,28139,False,False
individual,veh2_present,dbscan_companion_young_ratio_2s_mean,0.0005573390202898866,28139,False,False
individual,veh2_ttc_infinite,history_mean_speed_mps,0.0005552211592472282,28139,False,False
individual,veh1_ttc_infinite,dbscan_companion_young_ratio_2s_mean,0.0005532779662848929,28139,False,False
individual,veh1_present,dbscan_companion_young_ratio_2s_mean,0.0005434964801722749,28139,False,False
individual,veh1_ttc_infinite,veh1_history_observed_fraction,0.0005398068450195184,28139,False,False
individual,veh3_ttc_infinite,dbscan_companion_low_speed_wait_min_sec,0.0005255277197934989,28139,False,False
individual,veh3_ttc_infinite,current_x_m,0.0005142053935226358,28139,False,False
individual,veh1_ttc_infinite,dbscan_companion_old_ratio_2s_mean,0.000499101933802499,28139,False,False
individual,age_group,history_vy_slope_mps2,0.0004964650569246488,28139,False,False
individual,veh3_class,current_vy_mps,0.0004855968971431633,28139,False,False
individual,veh3_ttc_infinite,current_vx_mps,0.0004838673557009162,28139,False,False
individual,gender,dbscan_history_mean_vy_mps,0.0004758354834123739,28139,False,False
individual,veh3_class,history_vy_slope_mps2,0.00047556146674691607,28139,False,False
individual,veh2_ttc_infinite,dbscan_companion_wait_min_sec,0.00046341693021104385,28139,False,False
individual,veh3_present,dbscan_companion_young_ratio_2s_mean,0.000455920174469635,28139,False,False
individual,veh2_ttc_infinite,history_interpolated_fraction,0.00045332186354681274,28139,False,False
individual,veh3_ttc_infinite,history_vy_slope_mps2,0.0004370104999451495,28139,False,False
individual,veh1_ttc_infinite,history_interpolated_fraction,0.0004302219556698527,28139,False,False
individual,age_group,dbscan_companion_old_ratio_2s_mean,0.00043017366639218775,28139,False,False
individual,gender,history_y_displacement_m,0.0004246359768504016,28139,False,False
individual,location_id,current_vy_mps,0.0003965475845863494,28139,False,False
individual,gender,history_mean_vy_mps,0.00038436288469533166,28139,False,False
individual,veh2_ttc_infinite,dbscan_companion_young_ratio_2s_mean,0.0003832680811145411,28139,False,False
individual,veh3_present,dbscan_companion_female_ratio_2s_mean,0.0003720532143570012,28139,False,False
individual,veh1_ttc_infinite,dbscan_history_mean_group_size,0.0003466385894734479,28139,False,False
individual,veh1_present,current_speed_mps,0.00034576112895150777,28139,False,False
individual,veh2_ttc_infinite,dbscan_companion_low_speed_wait_min_sec,0.0003339350570430477,28139,False,False
individual,veh3_present,history_mean_speed_mps,0.0003221948810257007,28139,False,False
individual,veh1_ttc_infinite,current_vx_mps,0.00032117810415664526,28139,False,False
individual,veh2_present,dbscan_companion_female_ratio_2s_mean,0.00030018329858952104,28139,False,False
individual,gender,veh2_lateral_x_m,0.0002985934890736513,25253,False,False
individual,veh2_present,history_mean_vy_mps,0.0002923757531088845,28139,False,False
individual,veh2_present,dbscan_history_mean_vy_mps,0.00028733912308159646,28139,False,False
individual,veh2_present,history_y_displacement_m,0.00028367547377814177,28139,False,False
individual,veh3_present,dbscan_history_mean_vx_mps,0.00027363358284476975,28139,False,False
individual,veh1_present,dbscan_history_mean_vy_mps,0.00027002381936366534,28139,False,False
individual,veh1_present,history_y_displacement_m,0.0002589898192374023,28139,False,False
individual,veh1_ttc_infinite,dbscan_companion_low_speed_wait_max_sec,0.0002564311747269947,28139,False,False
individual,veh1_present,history_mean_vy_mps,0.0002553490980243188,28139,False,False
individual,veh2_ttc_infinite,waiting_band_dwell_sec,0.0002529184351047022,28139,False,False
individual,veh2_ttc_infinite,veh1_lateral_x_m,0.0002429318417459102,26792,False,False
individual,veh1_ttc_infinite,dbscan_companion_wait_mean_sec,0.00024016288668590242,28139,False,False
individual,veh2_ttc_infinite,dbscan_companion_unknown_gender_ratio_2s_mean,0.00023930098433463883,28139,False,False
individual,veh2_present,window_low_speed_fraction,0.00022751766627304433,28139,False,False
individual,veh2_present,history_mean_speed_mps,0.00021496685722653677,28139,False,False
individual,veh3_present,dbscan_history_mean_vy_mps,0.00020766780451353454,28139,False,False
individual,veh3_present,history_mean_vy_mps,0.00018358395907965705,28139,False,False
individual,veh3_present,history_y_displacement_m,0.00016878852932118233,28139,False,False
individual,veh2_present,current_vx_mps,0.00015721881486877306,28139,False,False
individual,veh3_present,history_mean_vx_mps,0.00014635177340500702,28139,False,False
individual,veh3_present,dbscan_history_mean_speed_mps,0.0001405925962489142,28139,False,False
individual,traffic_period,waiting_low_speed_time_sec,0.0001402340870960962,28139,False,False
individual,veh3_present,history_x_displacement_m,0.00013330752234623703,28139,False,False
individual,veh3_ttc_infinite,veh2_lateral_x_m,0.00013311384128960105,25253,False,False
individual,traffic_period,history_mean_vx_mps,0.00012928705414250952,28139,False,False
individual,veh1_ttc_infinite,dbscan_companion_wait_min_sec,0.00012603205462564823,28139,False,False
individual,veh2_present,veh1_ttc_capped_sec,0.00011691485640456331,28139,False,False
individual,veh1_present,dbscan_history_mean_vx_mps,0.00011677364276767708,28139,False,False
individual,veh2_ttc_infinite,current_speed_mps,0.00011556864978259108,28139,False,False
individual,veh3_ttc_infinite,dbscan_companion_young_ratio_2s_mean,0.00011504611135989306,28139,False,False
individual,age_group,current_vy_mps,0.00011292382282918092,28139,False,False
individual,veh3_present,window_low_speed_fraction,0.00010845014247736619,28139,False,False
individual,traffic_period,current_vy_mps,0.00010595147199586659,28139,False,False
individual,traffic_period,history_x_displacement_m,0.0001025250160632527,28139,False,False
individual,veh2_ttc_infinite,dbscan_history_mean_vx_mps,0.00010250753591421042,28139,False,False
individual,veh2_present,history_vy_slope_mps2,0.00010092173993894111,28139,False,False
individual,gender,current_vx_mps,8.505264577809316e-05,28139,False,False
individual,gender,history_vy_slope_mps2,8.044711662286688e-05,28139,False,False
individual,veh1_present,history_vy_slope_mps2,7.719117285368315e-05,28139,False,False
individual,traffic_period,current_vx_mps,7.455455503801279e-05,28139,False,False
individual,veh3_present,history_vy_slope_mps2,6.896742300973746e-05,28139,False,False
individual,age_group,current_vx_mps,6.703731754417139e-05,28139,False,False
individual,veh2_ttc_infinite,dbscan_companion_old_ratio_2s_mean,6.669176041273234e-05,28139,False,False
individual,gender,history_speed_std_mps,6.591663132245342e-05,28139,False,False
individual,veh3_ttc_infinite,veh1_front_y_m,6.231925124849693e-05,26792,False,False
individual,veh2_ttc_infinite,history_x_displacement_m,6.0208925874756126e-05,28139,False,False
individual,veh3_present,current_speed_mps,5.766383247279023e-05,28139,False,False
individual,veh1_ttc_infinite,history_max_unobserved_gap_sec,5.1845016637613016e-05,28139,False,False
individual,veh2_ttc_infinite,history_mean_vx_mps,5.177680744665317e-05,28139,False,False
individual,veh1_present,window_low_speed_fraction,4.9395172247535764e-05,28139,False,False
individual,veh1_present,dbscan_companion_female_ratio_2s_mean,4.914696241470474e-05,28139,False,False
individual,gender,current_vy_mps,4.42378682658052e-05,28139,False,False
individual,veh1_ttc_infinite,dbscan_companion_low_speed_wait_min_sec,4.148140881347124e-05,28139,False,False
individual,traffic_period,dbscan_companion_old_ratio_2s_mean,4.127658932260245e-05,28139,False,False
individual,veh1_ttc_infinite,dbscan_history_mean_vx_mps,4.099323197799987e-05,28139,False,False
individual,veh1_present,history_mean_vx_mps,3.643380684645724e-05,28139,False,False
individual,gender,history_x_displacement_m,3.5143609945130284e-05,28139,False,False
individual,gender,history_mean_vx_mps,3.502198791312524e-05,28139,False,False
individual,traffic_period,waiting_band_dwell_sec,3.12270111901816e-05,28139,False,False
individual,veh2_present,dbscan_history_mean_speed_mps,3.070172510896561e-05,28139,False,False
individual,veh1_present,history_x_displacement_m,2.7298963954380397e-05,28139,False,False
individual,veh3_ttc_infinite,dbscan_history_mean_vx_mps,2.500145568929495e-05,28139,False,False
individual,veh2_ttc_infinite,current_vy_mps,2.2303159689287065e-05,28139,False,False
individual,veh3_ttc_infinite,waiting_band_dwell_sec,1.4632350257983963e-05,28139,False,False
individual,veh1_ttc_infinite,history_x_displacement_m,1.2722732352916625e-05,28139,False,False
individual,veh3_ttc_infinite,history_x_displacement_m,1.1632070312562347e-05,28139,False,False
individual,veh3_ttc_infinite,history_mean_vx_mps,1.1214298451125243e-05,28139,False,False
individual,veh2_present,history_x_displacement_m,1.0380293547377948e-05,28139,False,False
individual,veh1_present,current_vx_mps,9.18895049631546e-06,28139,False,False
individual,veh2_present,current_speed_mps,7.929872352695571e-06,28139,False,False
individual,veh1_ttc_infinite,current_vy_mps,6.937324518386796e-06,28139,False,False
individual,veh1_ttc_infinite,history_mean_vx_mps,6.845003166072644e-06,28139,False,False
individual,veh1_ttc_infinite,dbscan_companion_low_speed_wait_mean_sec,6.129627117831106e-06,28139,False,False
individual,veh1_ttc_infinite,dbscan_companion_wait_max_sec,5.837954683018734e-06,28139,False,False
individual,veh2_present,history_mean_vx_mps,5.316040663921112e-06,28139,False,False
individual,veh2_present,dbscan_history_mean_vx_mps,4.946443702781079e-06,28139,False,False
individual,veh2_ttc_infinite,dbscan_companion_unknown_age_ratio_2s_mean,3.922024068513812e-06,28139,False,False
individual,gender,dbscan_history_mean_vx_mps,3.863191568108862e-06,28139,False,False
individual,veh3_ttc_infinite,current_vy_mps,3.46163224029735e-06,28139,False,False
individual,veh3_ttc_infinite,waiting_low_speed_time_sec,2.8013261534155443e-06,28139,False,False
individual,traffic_period,dbscan_history_mean_vx_mps,4.5034421976842744e-07,28139,False,False
individual,veh1_present,current_vy_mps,1.4789498277087704e-07,28139,False,False
individual,veh3_present,current_vy_mps,1.0973030959118768e-07,28139,False,False
individual,veh3_present,current_vx_mps,3.5348549541684425e-08,28139,False,False
individual,veh1_ttc_infinite,history_observed_fraction,3.1316089615970366e-08,28139,False,False
individual,traffic_period,history_vy_slope_mps2,2.6308332289425927e-08,28139,False,False
individual,veh2_present,current_vy_mps,1.6211670854756568e-08,28139,False,False
individual,veh1_present,veh3_speed_mps,0.0,23455,False,False
individual,veh1_present,veh2_closing_speed_mps,0.0,25253,False,False
individual,veh3_present,veh3_speed_mps,0.0,23455,False,False
individual,veh1_present,veh1_closing_speed_mps,0.0,26792,False,False
individual,veh1_present,veh1_lateral_x_m,0.0,26792,False,False
individual,veh2_present,veh2_lateral_x_m,0.0,25253,False,False
individual,veh3_present,veh3_closing_speed_mps,0.0,23634,False,False
individual,veh1_present,veh3_closing_speed_mps,0.0,23634,False,False
individual,veh1_present,veh1_speed_mps,0.0,26557,False,False
individual,veh1_present,veh3_front_y_m,0.0,23634,False,False
individual,veh3_present,veh3_history_mean_front_y_m,0.0,23634,False,False
individual,veh1_present,veh2_front_y_m,0.0,25253,False,False
individual,veh3_present,veh3_history_front_y_change_m,0.0,23634,False,False
individual,veh1_present,veh1_front_y_m,0.0,26792,False,False
individual,veh1_present,veh3_lateral_x_m,0.0,23634,False,False
individual,veh1_present,veh2_lateral_x_m,0.0,25253,False,False
individual,veh1_present,veh2_speed_mps,0.0,25003,False,False
individual,veh1_present,veh3_history_mean_front_y_m,0.0,23634,False,False
individual,veh3_present,veh3_front_y_m,0.0,23634,False,False
individual,veh3_present,veh3_lateral_x_m,0.0,23634,False,False
individual,veh2_present,veh3_lateral_x_m,0.0,23634,False,False
individual,veh2_present,veh2_front_y_m,0.0,25253,False,False
individual,veh2_present,veh3_front_y_m,0.0,23634,False,False
individual,veh2_present,veh2_speed_mps,0.0,25003,False,False
individual,veh2_present,veh3_speed_mps,0.0,23455,False,False
individual,veh2_present,veh2_closing_speed_mps,0.0,25253,False,False
individual,veh2_present,veh3_closing_speed_mps,0.0,23634,False,False
individual,veh2_present,veh2_history_mean_front_y_m,0.0,25253,False,False
individual,veh2_present,veh2_history_front_y_change_m,0.0,25253,False,False
individual,veh2_present,veh3_history_front_y_change_m,0.0,23634,False,False
individual,veh1_present,veh3_history_front_y_change_m,0.0,23634,False,False
individual,veh1_present,veh2_history_front_y_change_m,0.0,25253,False,False
individual,veh1_present,veh1_history_front_y_change_m,0.0,26792,False,False
individual,veh1_present,veh2_history_mean_front_y_m,0.0,25253,False,False
individual,veh1_present,veh1_history_mean_front_y_m,0.0,26792,False,False
individual,veh2_present,veh3_history_mean_front_y_m,0.0,23634,False,False
